UNNAMED: 0,FECHA,EMISOR,VALOR,VALOR NOMINAL,PRECIO,NUMERO ACCIONES,VALOR EFECTIVO,PROCEDENCIA
,2026-01-05,BEVERAGE BRAND PATENTS SA,ACCIONES,1.0,50.0,105.0,5250.0,BVG
,2026-01-05,BANCO PICHINCHA C.A.,ACCIONES,100.0,107.0,6.0,642.0,BVQ
,2026-01-05,BANCO GUAYAQUIL S.A.,ACCIONES,1.0,1.92,1000.0,1920.0,BVQ
,2026-01-05,BANCO DE LA PRODUCCION S.A . PRODUBANCO,ACCIONES,1.0,1.15,304.0,349.6,BVQ
,2026-01-05,CORPORACION FAVORITA C.A.,ACCIONES,1.0,1.93,6682.0,12896.26,BVQ
,2026-01-05,BANCO DE LA PRODUCCION S.A . PRODUBANCO,ACCIONES,1.0,1.1,5000.0,5500.0,BVQ
,2026-01-05,CORPORACION FAVORITA C.A.,ACCIONES,1.0,1.93,5000.0,9650.0,BVQ
,2026-01-05,BANCO DE LA PRODUCCION S.A . PRODUBANCO,ACCIONES,1.0,1.15,3589.0,4127.35,BVQ
,2026-01-05,CORPORACION FAVORITA C.A.,ACCIONES,1.0,1.93,1137.0,2194.41,BVQ
,2026-01-05,BANCO DE LA PRODUCCION S.A . PRODUBANCO,ACCIONES,1.0,1.15,8696.0,10000.4,BVQ
,2026-01-05,CORPORACION FAVORITA C.A.,ACCIONES,1.0,1.92,2000.0,3840.0,BVQ
,2026-01-05,CORPORACION FAVORITA C.A.,ACCIONES,1.0,1.93,2000.0,3860.0,BVQ
,2026-01-05,CORPORACION FAVORITA C.A.,ACCIONES,1.0,1.93,2148.0,4145.64,BVG
,2026-01-05,CORPORACION FAVORITA C.A.,ACCIONES,1.0,1.93,1552.0,2995.36,BVG
,2026-01-06,BANCO DE LA PRODUCCION S.A . PRODUBANCO,ACCIONES,1.0,1.15,500.0,575.0,BVQ
,2026-01-06,CORPORACION FAVORITA C.A.,ACCIONES,1.0,1.93,527.0,1017.11,BVG
,2026-01-06,BANCO DE LA PRODUCCION S.A . PRODUBANCO,ACCIONES,1.0,1.1,2356.0,2591.6,BVQ
,2026-01-06,CORPORACION FAVORITA C.A.,ACCIONES,1.0,1.92,40000.0,76800.0,BVG
,2026-01-06,BANCO DE LA PRODUCCION S.A . PRODUBANCO,ACCIONES,1.0,1.15,500.0,575.0,BVQ
,2026-01-06,CORPORACION FAVORITA C.A.,ACCIONES,1.0,1.94,103.0,199.82,BVQ
,2026-01-06,BANCO DE LA PRODUCCION S.A . PRODUBANCO,ACCIONES,1.0,1.15,4490.0,5163.5,BVG
,2026-01-06,CORPORACION FAVORITA C.A.,ACCIONES,1.0,1.94,252.0,488.88,BVQ
,2026-01-06,BANCO PICHINCHA C.A.,ACCIONES,100.0,109.0,4.0,436.0,BVQ
,2026-01-06,CORPORACION FAVORITA C.A.,ACCIONES,1.0,1.93,1571.0,3032.03,BVQ
,2026-01-06,BOLSA DE VALORES DE QUITO,ACCIONES,1.0,3.65,9524.0,34762.6,BVQ
,2026-01-06,INVERSANCARLOS,ACCIONES,1.0,2.95,657.0,1938.15,BVQ
,2026-01-06,BOLSA DE VALORES DE QUITO,ACCIONES,1.0,3.68,2800.0,10304.0,BVQ
,2026-01-06,BANCO GUAYAQUIL S.A.,ACCIONES,1.0,1.97,233.0,459.01,BVQ
,2026-01-06,BOLSA DE VALORES DE QUITO,ACCIONES,1.0,3.66,2800.0,10248.0,BVQ
,2026-01-06,BANCO GUAYAQUIL S.A.,ACCIONES,1.0,1.93,2864.0,5527.52,BVQ
,2026-01-06,BANCO GUAYAQUIL S.A.,ACCIONES,1.0,1.94,500.0,970.0,BVQ
,2026-01-06,BANCO GUAYAQUIL S.A.,ACCIONES,1.0,1.97,500.0,985.0,BVQ
,2026-01-06,BANCO GUAYAQUIL S.A.,ACCIONES,1.0,1.93,1349.0,2603.57,BVQ
,2026-01-06,BANCO GUAYAQUIL S.A.,ACCIONES,1.0,1.93,646.0,1246.78,BVQ
,2026-01-06,CERVECERIA NACIONAL CN S A,ACCIONES,1.0,54.0,907.0,48978.0,BVG
,2026-01-06,CERVECERIA NACIONAL CN S A,ACCIONES,1.0,55.0,36.0,1980.0,BVQ
,2026-01-07,CERVECERIA NACIONAL CN S A,ACCIONES,1.0,55.0,10.0,550.0,BVQ
,2026-01-07,BOLSA DE VALORES DE QUITO,ACCIONES,1.0,3.68,100.0,368.0,BVQ
,2026-01-07,CERVECERIA NACIONAL CN S A,ACCIONES,1.0,55.0,40.0,2200.0,BVG
,2026-01-07,BANCO PICHINCHA C.A.,ACCIONES,100.0,110.0,56.0,6160.0,BVQ
,2026-01-07,BANCO GUAYAQUIL S.A.,ACCIONES,1.0,1.94,263.0,510.22,BVQ
,2026-01-07,BANCO PICHINCHA C.A.,ACCIONES,100.0,110.0,4.0,440.0,BVQ
,2026-01-07,BANCO GUAYAQUIL S.A.,ACCIONES,1.0,1.94,101.0,195.94,BVQ
,2026-01-07,BANCO PICHINCHA C.A.,ACCIONES,100.0,109.0,140.0,15260.0,BVQ
,2026-01-07,BANCO GUAYAQUIL S.A.,ACCIONES,1.0,1.94,187.0,362.78,BVG
,2026-01-07,HOLCIM ECUADOR S.A.,ACCIONES,3.0,43.0,73.0,3139.0,BVG
,2026-01-07,BANCO GUAYAQUIL S.A.,ACCIONES,1.0,1.92,510.0,979.2,BVG
,2026-01-07,BANCO DE LA PRODUCCION S.A . PRODUBANCO,ACCIONES,1.0,1.15,8847.0,10174.05,BVQ
,2026-01-07,BANCO GUAYAQUIL S.A.,ACCIONES,1.0,1.94,900.0,1746.0,BVQ
,2026-01-07,BANCO DE LA PRODUCCION S.A . PRODUBANCO,ACCIONES,1.0,1.15,500.0,575.0,BVQ
,2026-01-07,BANCO GUAYAQUIL S.A.,ACCIONES,1.0,1.93,571.0,1102.03,BVQ
,2026-01-07,BANCO GUAYAQUIL S.A.,ACCIONES,1.0,1.93,5000.0,9650.0,BVQ
,2026-01-07,BANCO GUAYAQUIL S.A.,ACCIONES,1.0,1.92,508.0,975.36,BVQ
,2026-01-07,BANCO GUAYAQUIL S.A.,ACCIONES,1.0,1.92,508.0,975.36,BVQ
,2026-01-07,CORPORACION FAVORITA C.A.,ACCIONES,1.0,1.94,145.0,281.3,BVQ
,2026-01-07,CORPORACION FAVORITA C.A.,ACCIONES,1.0,1.94,103.0,199.82,BVQ
,2026-01-07,CORPORACION FAVORITA C.A.,ACCIONES,1.0,1.95,552.0,1076.4,BVQ
,2026-01-08,BANCO DE LA PRODUCCION S.A . PRODUBANCO,ACCIONES,1.0,1.15,500.0,575.0,BVQ
,2026-01-08,CORPORACION FAVORITA C.A.,ACCIONES,1.0,1.94,7258.0,14080.52,BVQ
,2026-01-08,BANCO DE LA PRODUCCION S.A . PRODUBANCO,ACCIONES,1.0,1.15,500.0,575.0,BVQ
,2026-01-08,CORPORACION FAVORITA C.A.,ACCIONES,1.0,1.94,3652.0,7084.88,BVQ
,2026-01-08,HOLCIM ECUADOR S.A.,ACCIONES,3.0,45.0,40.0,1800.0,BVG
,2026-01-08,CORPORACION FAVORITA C.A.,ACCIONES,1.0,1.94,2000.0,3880.0,BVQ
,2026-01-08,BANCO BOLIVARIANO C.A.,ACCIONES,1.0,1.57,40000.0,62800.0,BVG
,2026-01-08,CORPORACION FAVORITA C.A.,ACCIONES,1.0,1.94,1768.0,3429.92,BVQ
,2026-01-08,HOLCIM ECUADOR S.A.,ACCIONES,3.0,45.0,5.0,225.0,BVQ
,2026-01-08,CORPORACION FAVORITA C.A.,ACCIONES,1.0,1.94,762.0,1478.28,BVG
,2026-01-08,BANCO DEL AUSTRO,ACCIONES,1.0,0.5,13043.0,6521.5,BVQ
,2026-01-08,CORPORACION FAVORITA C.A.,ACCIONES,1.0,1.94,547.0,1061.18,BVG
,2026-01-08,BANCO PICHINCHA C.A.,ACCIONES,100.0,110.0,4.0,440.0,BVQ
,2026-01-08,CORPORACION FAVORITA C.A.,ACCIONES,1.0,1.93,1418.0,2736.74,BVG
,2026-01-08,BOLSA DE VALORES DE QUITO,ACCIONES,1.0,3.69,2500.0,9225.0,BVQ
,2026-01-08,BANCO GUAYAQUIL S.A.,ACCIONES,1.0,1.97,580.0,1142.6,BVQ
,2026-01-08,BOLSA DE VALORES DE QUITO,ACCIONES,1.0,3.68,2500.0,9200.0,BVQ
,2026-01-08,BANCO GUAYAQUIL S.A.,ACCIONES,1.0,1.97,96.0,189.12,BVQ
,2026-01-08,BOLSA DE VALORES DE QUITO,ACCIONES,1.0,3.69,2500.0,9225.0,BVQ
,2026-01-08,BANCO GUAYAQUIL S.A.,ACCIONES,1.0,1.97,126.0,248.22,BVQ
,2026-01-08,BANCO GUAYAQUIL S.A.,ACCIONES,1.0,1.97,298.0,587.06,BVQ
,2026-01-08,BANCO GUAYAQUIL S.A.,ACCIONES,1.0,1.97,500.0,985.0,BVQ
,2026-01-08,BANCO GUAYAQUIL S.A.,ACCIONES,1.0,1.95,550.0,1072.5,BVQ
,2026-01-08,BANCO GUAYAQUIL S.A.,ACCIONES,1.0,1.95,2816.0,5491.2,BVG
,2026-01-08,CERVECERIA NACIONAL CN S A,ACCIONES,1.0,50.0,16.0,800.0,BVQ
,2026-01-08,CERVECERIA NACIONAL CN S A,ACCIONES,1.0,55.0,25.0,1375.0,BVQ
,2026-01-08,CERVECERIA NACIONAL CN S A,ACCIONES,1.0,55.0,43.0,2365.0,BVQ
,2026-01-09,CERVECERIA NACIONAL CN S A,ACCIONES,1.0,55.0,37.0,2035.0,BVG
,2026-01-09,CERVECERIA NACIONAL CN S A,ACCIONES,1.0,55.0,130.0,7150.0,BVG
,2026-01-09,BOLSA DE VALORES DE QUITO,ACCIONES,1.0,3.68,280.0,1030.4,BVQ
,2026-01-09,CERVECERIA NACIONAL CN S A,ACCIONES,1.0,55.0,50.0,2750.0,BVG
,2026-01-09,BANCO PICHINCHA C.A.,ACCIONES,100.0,110.0,10.0,1100.0,BVQ
,2026-01-09,CERVECERIA NACIONAL CN S A,ACCIONES,1.0,54.99,70.0,3849.3,BVQ
,2026-01-09,BANCO PICHINCHA C.A.,ACCIONES,100.0,109.0,425.0,46325.0,BVQ
,2026-01-09,BANCO GUAYAQUIL S.A.,ACCIONES,1.0,1.97,500.0,985.0,BVQ
,2026-01-09,BANCO DE LA PRODUCCION S.A . PRODUBANCO,ACCIONES,1.0,1.15,1000.0,1150.0,BVQ
,2026-01-09,BANCO GUAYAQUIL S.A.,ACCIONES,1.0,1.97,277.0,545.69,BVQ
,2026-01-09,BEVERAGE BRAND PATENTS SA,ACCIONES,1.0,50.0,33.0,1650.0,BVQ
,2026-01-12,BANCO DE LA PRODUCCION S.A . PRODUBANCO,ACCIONES,1.0,1.16,500.0,580.0,BVQ
,2026-01-12,BEVERAGE BRAND PATENTS SA,ACCIONES,1.0,48.0,70.0,3360.0,BVQ
,2026-01-12,BANCO PICHINCHA C.A.,ACCIONES,100.0,110.0,8.0,880.0,BVQ
,2026-01-12,BEVERAGE BRAND PATENTS SA,ACCIONES,1.0,50.0,57.0,2850.0,BVQ
,2026-01-12,BANCO GUAYAQUIL S.A.,ACCIONES,1.0,1.95,5000.0,9750.0,BVQ
,2026-01-12,BANCO GUAYAQUIL S.A.,ACCIONES,1.0,1.97,500.0,985.0,BVQ
,2026-01-12,CORPORACION FAVORITA C.A.,ACCIONES,1.0,1.95,233.0,454.35,BVQ
,2026-01-12,CORPORACION FAVORITA C.A.,ACCIONES,1.0,1.94,3900.0,7566.0,BVQ
,2026-01-12,CORPORACION FAVORITA C.A.,ACCIONES,1.0,1.94,10322.0,20024.68,BVQ
,2026-01-12,CERVECERIA NACIONAL CN S A,ACCIONES,1.0,55.0,167.0,9185.0,BVQ
,2026-01-12,CERVECERIA NACIONAL CN S A,ACCIONES,1.0,55.0,9.0,495.0,BVG
,2026-01-13,CORPORACION FAVORITA C.A.,ACCIONES,1.0,1.94,7300.0,14162.0,BVQ
,2026-01-13,CORPORACION FAVORITA C.A.,ACCIONES,1.0,1.94,4000.0,7760.0,BVQ
,2026-01-13,CORPORACION FAVORITA C.A.,ACCIONES,1.0,1.95,252.0,491.4,BVQ
,2026-01-13,INVERSANCARLOS,ACCIONES,1.0,2.95,2000.0,5900.0,BVQ
,2026-01-13,BANCO PICHINCHA C.A.,ACCIONES,100.0,110.0,1.0,110.0,BVQ
,2026-01-13,CORPORACION FAVORITA C.A.,ACCIONES,1.0,1.93,1527.0,2947.11,BVG
,2026-01-13,BANCO PICHINCHA C.A.,ACCIONES,100.0,110.0,4.0,440.0,BVQ
,2026-01-13,CORPORACION FAVORITA C.A.,ACCIONES,1.0,1.94,3650.0,7081.0,BVG
,2026-01-13,HOLCIM ECUADOR S.A.,ACCIONES,3.0,45.0,16.0,720.0,BVQ
,2026-01-13,CORPORACION FAVORITA C.A.,ACCIONES,1.0,1.94,727.0,1410.38,BVG
,2026-01-13,BANCO DEL AUSTRO,ACCIONES,1.0,0.5,20000.0,10000.0,BVQ
,2026-01-13,BANCO DE LA PRODUCCION S.A . PRODUBANCO,ACCIONES,1.0,1.16,458.0,531.28,BVQ
,2026-01-13,BANCO GUAYAQUIL S.A.,ACCIONES,1.0,1.95,459.0,895.05,BVQ
,2026-01-13,BANCO DE LA PRODUCCION S.A . PRODUBANCO,ACCIONES,1.0,1.16,500.0,580.0,BVQ
,2026-01-13,BANCO GUAYAQUIL S.A.,ACCIONES,1.0,1.96,500.0,980.0,BVQ
,2026-01-13,BANCO DE LA PRODUCCION S.A . PRODUBANCO,ACCIONES,1.0,1.2,13257.0,15908.4,BVQ
,2026-01-13,BANCO GUAYAQUIL S.A.,ACCIONES,1.0,1.95,500.0,975.0,BVQ
,2026-01-13,BANCO DE LA PRODUCCION S.A . PRODUBANCO,ACCIONES,1.0,1.17,500.0,585.0,BVQ
,2026-01-13,BANCO GUAYAQUIL S.A.,ACCIONES,1.0,1.95,500.0,975.0,BVQ
,2026-01-13,BANCO DE LA PRODUCCION S.A . PRODUBANCO,ACCIONES,1.0,1.16,500.0,580.0,BVQ
,2026-01-13,BANCO DE LA PRODUCCION S.A . PRODUBANCO,ACCIONES,1.0,1.16,500.0,580.0,BVQ
,2026-01-13,BANCO DE LA PRODUCCION S.A . PRODUBANCO,ACCIONES,1.0,1.16,500.0,580.0,BVQ
,2026-01-13,BANCO DE LA PRODUCCION S.A . PRODUBANCO,ACCIONES,1.0,1.16,500.0,580.0,BVQ
,2026-01-13,BANCO DE LA PRODUCCION S.A . PRODUBANCO,ACCIONES,1.0,1.16,500.0,580.0,BVQ
,2026-01-13,BANCO DE LA PRODUCCION S.A . PRODUBANCO,ACCIONES,1.0,1.16,534.0,619.44,BVQ
,2026-01-13,BANCO DE LA PRODUCCION S.A . PRODUBANCO,ACCIONES,1.0,1.16,534.0,619.44,BVQ
,2026-01-13,BANCO DE LA PRODUCCION S.A . PRODUBANCO,ACCIONES,1.0,1.16,500.0,580.0,BVQ
,2026-01-14,BANCO GUAYAQUIL S.A.,ACCIONES,1.0,1.97,1600.0,3152.0,BVQ
,2026-01-14,BANCO DE LA PRODUCCION S.A . PRODUBANCO,ACCIONES,1.0,1.2,500.0,600.0,BVQ
,2026-01-14,BANCO GUAYAQUIL S.A.,ACCIONES,1.0,1.99,246.0,489.54,BVQ
,2026-01-14,BANCO DE LA PRODUCCION S.A . PRODUBANCO,ACCIONES,1.0,1.2,6789.0,8146.8,BVQ
,2026-01-14,BANCO DE LA PRODUCCION S.A . PRODUBANCO,ACCIONES,1.0,1.24,36560.0,45334.4,BVQ
,2026-01-14,BANCO GUAYAQUIL S.A.,ACCIONES,1.0,1.95,1513.0,2950.35,BVQ
,2026-01-14,BANCO DE LA PRODUCCION S.A . PRODUBANCO,ACCIONES,1.0,1.19,500.0,595.0,BVQ
,2026-01-14,CORPORACION FAVORITA C.A.,ACCIONES,1.0,1.94,3914.0,7593.16,BVQ
,2026-01-14,BANCO DEL AUSTRO,ACCIONES,1.0,0.5,6000.0,3000.0,BVQ
,2026-01-14,CORPORACION FAVORITA C.A.,ACCIONES,1.0,1.94,11785.0,22862.9,BVQ
,2026-01-14,BANCO DEL AUSTRO,ACCIONES,1.0,0.5,4000.0,2000.0,BVQ
,2026-01-14,CORPORACION FAVORITA C.A.,ACCIONES,1.0,1.94,2450.0,4753.0,BVQ
,2026-01-14,BANCO DEL AUSTRO,ACCIONES,1.0,0.5,2500.0,1250.0,BVQ
,2026-01-14,CORPORACION FAVORITA C.A.,ACCIONES,1.0,1.94,2000.0,3880.0,BVQ
,2026-01-14,BANCO DEL AUSTRO,ACCIONES,1.0,0.5,3500.0,1750.0,BVQ
,2026-01-14,CORPORACION FAVORITA C.A.,ACCIONES,1.0,1.94,5550.0,10767.0,BVQ
,2026-01-14,CORPORACION FAVORITA C.A.,ACCIONES,1.0,1.94,9450.0,18333.0,BVQ
,2026-01-14,BANCO PICHINCHA C.A.,ACCIONES,100.0,110.0,98.0,10780.0,BVQ
,2026-01-14,CORPORACION FAVORITA C.A.,ACCIONES,1.0,1.94,45044.0,87385.36,BVQ
,2026-01-14,BOLSA DE VALORES DE QUITO,ACCIONES,1.0,3.66,1400.0,5124.0,BVQ
,2026-01-14,BOLSA DE VALORES DE QUITO,ACCIONES,1.0,3.69,280.0,1033.2,BVQ
,2026-01-15,CORPORACION FAVORITA C.A.,ACCIONES,1.0,1.94,247.0,479.18,BVQ
,2026-01-15,BANCO PICHINCHA C.A.,ACCIONES,100.0,109.0,35.0,3815.0,BVQ
,2026-01-15,CORPORACION FAVORITA C.A.,ACCIONES,1.0,1.95,1057.0,2061.15,BVQ
,2026-01-15,BANCO PICHINCHA C.A.,ACCIONES,100.0,109.0,800.0,87200.0,BVQ
,2026-01-15,CORPORACION FAVORITA C.A.,ACCIONES,1.0,1.95,3943.0,7688.85,BVQ
,2026-01-15,BANCO DEL AUSTRO,ACCIONES,1.0,0.5,6400.0,3200.0,BVQ
,2026-01-15,CORPORACION FAVORITA C.A.,ACCIONES,1.0,1.94,545.0,1057.3,BVQ
,2026-01-15,BRIKAPITAL SA,ACCIONES,1000.0,700.0,1.0,700.0,BVG
,2026-01-15,CORPORACION FAVORITA C.A.,ACCIONES,1.0,1.94,26584.0,51572.96,BVQ
,2026-01-15,CORPORACION FAVORITA C.A.,ACCIONES,1.0,1.94,1000000.0,1940000.0,BVQ
,2026-01-15,INVERSANCARLOS,ACCIONES,1.0,2.95,10000.0,29500.0,BVQ
,2026-01-15,CERVECERIA NACIONAL CN S A,ACCIONES,1.0,55.0,24.0,1320.0,BVQ
,2026-01-16,CORPORACION FAVORITA C.A.,ACCIONES,1.0,1.94,31034.0,60205.96,BVG
,2026-01-16,BRIKAPITAL SA,ACCIONES,1000.0,700.0,1.0,700.0,BVG
,2026-01-16,CORPORACION FAVORITA C.A.,ACCIONES,1.0,1.94,1062000.0,2060280.0,BVQ
,2026-01-16,BANCO DE LA PRODUCCION S.A . PRODUBANCO,ACCIONES,1.0,1.24,9619.0,11927.56,BVQ
,2026-01-16,BANCO GUAYAQUIL S.A.,ACCIONES,1.0,2.03,500.0,1015.0,BVQ
,2026-01-16,BANCO DE LA PRODUCCION S.A . PRODUBANCO,ACCIONES,1.0,1.24,30000.0,37200.0,BVQ
,2026-01-16,BANCO GUAYAQUIL S.A.,ACCIONES,1.0,2.03,1650.0,3349.5,BVQ
,2026-01-16,BANCO BOLIVARIANO C.A.,ACCIONES,1.0,1.65,27500.0,45375.0,BVQ
,2026-01-16,BANCO BOLIVARIANO C.A.,ACCIONES,1.0,1.65,50000.0,82500.0,BVQ
,2026-01-16,BOLSA DE VALORES DE QUITO,ACCIONES,1.0,3.69,1900.0,7011.0,BVQ
,2026-01-19,CORPORACION FAVORITA C.A.,ACCIONES,1.0,1.95,10105.0,19704.75,BVQ
,2026-01-19,INVERSANCARLOS,ACCIONES,1.0,2.95,7000.0,20650.0,BVQ
,2026-01-19,BOLSA DE VALORES DE QUITO,ACCIONES,1.0,3.7,3000.0,11100.0,BVQ
,2026-01-19,CORPORACION FAVORITA C.A.,ACCIONES,1.0,1.95,3039.0,5926.05,BVQ
,2026-01-19,HOLCIM ECUADOR S.A.,ACCIONES,3.0,40.5,118.0,4779.0,BVQ
,2026-01-19,CORPORACION FAVORITA C.A.,ACCIONES,1.0,1.95,1969.0,3839.55,BVQ
,2026-01-19,CORPORACION FAVORITA C.A.,ACCIONES,1.0,1.95,5000.0,9750.0,BVQ
,2026-01-19,CORPORACION FAVORITA C.A.,ACCIONES,1.0,1.95,2000.0,3900.0,BVG
,2026-01-20,BOLSA DE VALORES DE QUITO,ACCIONES,1.0,3.69,1000.0,3690.0,BVQ
,2026-01-20,CORPORACION FAVORITA C.A.,ACCIONES,1.0,1.95,3500.0,6825.0,BVG
,2026-01-20,BANCO BOLIVARIANO C.A.,ACCIONES,1.0,1.65,14432.0,23812.8,BVQ
,2026-01-20,CORPORACION FAVORITA C.A.,ACCIONES,1.0,1.95,39323.0,76679.85,BVQ
,2026-01-20,BANCO BOLIVARIANO C.A.,ACCIONES,1.0,1.65,8068.0,13312.2,BVQ
,2026-01-20,CORPORACION FAVORITA C.A.,ACCIONES,1.0,1.95,52576.0,102523.2,BVQ
,2026-01-20,BANCO BOLIVARIANO C.A.,ACCIONES,1.0,1.65,17570.0,28990.5,BVQ
,2026-01-20,CORPORACION FAVORITA C.A.,ACCIONES,1.0,1.95,14025.0,27348.75,BVQ
,2026-01-20,BANCO DE LA PRODUCCION S.A . PRODUBANCO,ACCIONES,1.0,1.24,150.0,186.0,BVG
,2026-01-20,INVERSANCARLOS,ACCIONES,1.0,2.95,5000.0,14750.0,BVQ
,2026-01-20,BANCO DE LA PRODUCCION S.A . PRODUBANCO,ACCIONES,1.0,1.24,374.0,463.76,BVG
,2026-01-20,CORPORACION FAVORITA C.A.,ACCIONES,1.0,1.95,121.0,235.95,BVQ
,2026-01-20,BANCO DE LA PRODUCCION S.A . PRODUBANCO,ACCIONES,1.0,1.3,1000.0,1300.0,BVG
,2026-01-20,CORPORACION FAVORITA C.A.,ACCIONES,1.0,1.95,3334.0,6501.3,BVQ
,2026-01-20,BANCO DE LA PRODUCCION S.A . PRODUBANCO,ACCIONES,1.0,1.3,7389.0,9605.7,BVQ
,2026-01-20,BANCO GUAYAQUIL S.A.,ACCIONES,1.0,1.99,511.0,1016.89,BVQ
,2026-01-20,BANCO DE LA PRODUCCION S.A . PRODUBANCO,ACCIONES,1.0,1.3,36052.0,46867.6,BVQ
,2026-01-20,BANCO GUAYAQUIL S.A.,ACCIONES,1.0,2.0,5000.0,10000.0,BVQ
,2026-01-21,BANCO GUAYAQUIL S.A.,ACCIONES,1.0,2.05,121.0,248.05,BVG
,2026-01-21,BANCO DE LA PRODUCCION S.A . PRODUBANCO,ACCIONES,1.0,1.2,36052.0,43262.4,BVQ
,2026-01-21,CORPORACION FAVORITA C.A.,ACCIONES,1.0,1.95,15000.0,29250.0,BVQ
,2026-01-21,BANCO DE LA PRODUCCION S.A . PRODUBANCO,ACCIONES,1.0,1.22,23346.0,28482.12,BVQ
,2026-01-21,CORPORACION FAVORITA C.A.,ACCIONES,1.0,1.95,7770.0,15151.5,BVQ
,2026-01-21,BANCO DE LA PRODUCCION S.A . PRODUBANCO,ACCIONES,1.0,1.25,3305.0,4131.25,BVQ
,2026-01-21,CORPORACION FAVORITA C.A.,ACCIONES,1.0,1.94,6802.0,13195.88,BVQ
,2026-01-21,BANCO DE LA PRODUCCION S.A . PRODUBANCO,ACCIONES,1.0,1.22,23346.0,28482.12,BVQ
,2026-01-21,CORPORACION FAVORITA C.A.,ACCIONES,1.0,1.95,22677.0,44220.15,BVQ
,2026-01-21,BANCO DE LA PRODUCCION S.A . PRODUBANCO,ACCIONES,1.0,1.24,5000.0,6200.0,BVQ
,2026-01-21,CORPORACION FAVORITA C.A.,ACCIONES,1.0,1.95,4000.0,7800.0,BVQ
,2026-01-21,BANCO DE LA PRODUCCION S.A . PRODUBANCO,ACCIONES,1.0,1.24,5530.0,6857.2,BVQ
,2026-01-21,CORPORACION FAVORITA C.A.,ACCIONES,1.0,1.95,5000.0,9750.0,BVQ
,2026-01-21,BANCO DE LA PRODUCCION S.A . PRODUBANCO,ACCIONES,1.0,1.24,18000.0,22320.0,BVQ
,2026-01-21,CORPORACION FAVORITA C.A.,ACCIONES,1.0,1.96,500.0,980.0,BVQ
,2026-01-21,BANCO BOLIVARIANO C.A.,ACCIONES,1.0,1.65,13692.0,22591.8,BVQ
,2026-01-21,CORPORACION FAVORITA C.A.,ACCIONES,1.0,1.96,355.0,695.8,BVQ
,2026-01-21,BANCO BOLIVARIANO C.A.,ACCIONES,1.0,1.65,13054.0,21539.1,BVQ
,2026-01-21,CORPORACION FAVORITA C.A.,ACCIONES,1.0,1.96,145.0,284.2,BVQ
,2026-01-21,HOLCIM ECUADOR S.A.,ACCIONES,3.0,45.0,15.0,675.0,BVQ
,2026-01-21,CORPORACION FAVORITA C.A.,ACCIONES,1.0,1.96,3500.0,6860.0,BVQ
,2026-01-21,BANCO PICHINCHA C.A.,ACCIONES,100.0,110.0,10.0,1100.0,BVQ
,2026-01-21,CORPORACION FAVORITA C.A.,ACCIONES,1.0,1.95,36500.0,71175.0,BVQ
,2026-01-21,BOLSA DE VALORES DE QUITO,ACCIONES,1.0,3.66,8000.0,29280.0,BVQ
,2026-01-21,CORPORACION FAVORITA C.A.,ACCIONES,1.0,1.95,70000.0,136500.0,BVQ
,2026-01-21,CORPORACION FAVORITA C.A.,ACCIONES,1.0,1.95,5000.0,9750.0,BVQ
,2026-01-21,CORPORACION FAVORITA C.A.,ACCIONES,1.0,1.95,858.0,1673.1,BVQ
,2026-01-21,CORPORACION FAVORITA C.A.,ACCIONES,1.0,1.95,5275.0,10286.25,BVQ
,2026-01-21,CORPORACION FAVORITA C.A.,ACCIONES,1.0,1.95,1000.0,1950.0,BVG
,2026-01-21,CORPORACION FAVORITA C.A.,ACCIONES,1.0,1.95,2580.0,5031.0,BVG
,2026-01-21,CORPORACION FAVORITA C.A.,ACCIONES,1.0,1.95,1207.0,2353.65,BVG
,2026-01-21,CORPORACION FAVORITA C.A.,ACCIONES,1.0,1.95,1780.0,3471.0,BVG
,2026-01-21,CORPORACION FAVORITA C.A.,ACCIONES,1.0,1.95,118.0,230.1,BVG
,2026-01-22,CORPORACION FAVORITA C.A.,ACCIONES,1.0,1.94,260.0,504.4,BVG
,2026-01-22,CORPORACION FAVORITA C.A.,ACCIONES,1.0,1.95,342.0,666.9,BVG
,2026-01-22,BOLSA DE VALORES DE QUITO,ACCIONES,1.0,3.72,275.0,1023.0,BVQ
,2026-01-22,CORPORACION FAVORITA C.A.,ACCIONES,1.0,1.95,882.0,1719.9,BVG
,2026-01-22,BANCO PICHINCHA C.A.,ACCIONES,100.0,110.0,19.0,2090.0,BVQ
,2026-01-22,CERVECERIA NACIONAL CN S A,ACCIONES,1.0,54.0,633.0,34182.0,BVG
,2026-01-22,HOLCIM ECUADOR S.A.,ACCIONES,3.0,45.0,15.0,675.0,BVQ
,2026-01-22,CORPORACION FAVORITA C.A.,ACCIONES,1.0,1.96,354.0,693.84,BVQ
,2026-01-22,BANCO BOLIVARIANO C.A.,ACCIONES,1.0,1.65,14201.0,23431.65,BVQ
,2026-01-22,CORPORACION FAVORITA C.A.,ACCIONES,1.0,1.95,4456.0,8689.2,BVQ
,2026-01-22,BANCO DE LA PRODUCCION S.A . PRODUBANCO,ACCIONES,1.0,1.24,15798.0,19589.52,BVQ
,2026-01-22,CORPORACION FAVORITA C.A.,ACCIONES,1.0,1.95,6000.0,11700.0,BVQ
,2026-01-22,BANCO DE LA PRODUCCION S.A . PRODUBANCO,ACCIONES,1.0,1.24,24000.0,29760.0,BVQ
,2026-01-22,CORPORACION FAVORITA C.A.,ACCIONES,1.0,1.95,478.0,932.1,BVQ
,2026-01-22,BANCO DE LA PRODUCCION S.A . PRODUBANCO,ACCIONES,1.0,1.24,23310.0,28904.4,BVG
,2026-01-22,CORPORACION FAVORITA C.A.,ACCIONES,1.0,1.96,500.0,980.0,BVQ
,2026-01-22,BRIKAPITAL SA,ACCIONES,1000.0,657.0,10.0,6570.0,BVG
,2026-01-22,CORPORACION FAVORITA C.A.,ACCIONES,1.0,1.95,2000.0,3900.0,BVG
,2026-01-22,CORPORACION FAVORITA C.A.,ACCIONES,1.0,1.95,10414.0,20307.3,BVG
,2026-01-22,CORPORACION FAVORITA C.A.,ACCIONES,1.0,1.95,500.0,975.0,BVG
,2026-01-22,INVERSANCARLOS,ACCIONES,1.0,2.95,1700.0,5015.0,BVG
,2026-01-23,BANCO DE LA PRODUCCION S.A . PRODUBANCO,ACCIONES,1.0,1.24,240.0,297.6,BVG
,2026-01-23,INVERSANCARLOS,ACCIONES,1.0,2.95,124.0,365.8,BVG
,2026-01-23,BANCO DE LA PRODUCCION S.A . PRODUBANCO,ACCIONES,1.0,1.25,20929.0,26161.25,BVQ
,2026-01-23,CORPORACION FAVORITA C.A.,ACCIONES,1.0,1.94,496.0,962.24,BVQ
,2026-01-23,BANCO BOLIVARIANO C.A.,ACCIONES,1.0,1.65,11600.0,19140.0,BVQ
,2026-01-23,CORPORACION FAVORITA C.A.,ACCIONES,1.0,1.94,1650.0,3201.0,BVQ
,2026-01-23,BANCO BOLIVARIANO C.A.,ACCIONES,1.0,1.65,1000.0,1650.0,BVQ
,2026-01-23,CORPORACION FAVORITA C.A.,ACCIONES,1.0,1.95,10000.0,19500.0,BVG
,2026-01-23,BANCO DEL AUSTRO,ACCIONES,1.0,0.5,28260.0,14130.0,BVQ
,2026-01-23,CORPORACION FAVORITA C.A.,ACCIONES,1.0,1.95,20000.0,39000.0,BVG
,2026-01-23,BANCO DEL AUSTRO,ACCIONES,1.0,0.5,2000.0,1000.0,BVQ
,2026-01-23,CORPORACION FAVORITA C.A.,ACCIONES,1.0,1.95,1855.0,3617.25,BVG
,2026-01-23,BANCO DEL AUSTRO,ACCIONES,1.0,0.5,20000.0,10000.0,BVQ
,2026-01-23,CORPORACION FAVORITA C.A.,ACCIONES,1.0,1.95,150000.0,292500.0,BVG
,2026-01-23,CORPORACION FAVORITA C.A.,ACCIONES,1.0,1.96,200.0,392.0,BVQ
,2026-01-23,CORPORACION FAVORITA C.A.,ACCIONES,1.0,1.96,5000.0,9800.0,BVQ
,2026-01-23,CORPORACION FAVORITA C.A.,ACCIONES,1.0,1.95,3700.0,7215.0,BVQ
,2026-01-23,BANCO GUAYAQUIL S.A.,ACCIONES,1.0,2.06,1305.0,2688.3,BVG
,2026-01-23,BANCO GUAYAQUIL S.A.,ACCIONES,1.0,2.06,1600.0,3296.0,BVG
,2026-01-23,BANCO GUAYAQUIL S.A.,ACCIONES,1.0,2.08,4662.0,9696.96,BVQ
,2026-01-23,BANCO GUAYAQUIL S.A.,ACCIONES,1.0,2.06,5892.0,12137.52,BVQ
,2026-01-23,BANCO GUAYAQUIL S.A.,ACCIONES,1.0,2.06,1479.0,3046.74,BVQ
,2026-01-23,SAN CARLOS SOC. AGR. IND.,ACCIONES,1.0,0.6,4700.0,2820.0,BVQ
,2026-01-23,SAN CARLOS SOC. AGR. IND.,ACCIONES,1.0,0.6,300.0,180.0,BVQ
,2026-01-26,BANCO BOLIVARIANO C.A.,ACCIONES,1.0,1.66,569.0,944.54,BVQ
,2026-01-26,CERVECERIA NACIONAL CN S A,ACCIONES,1.0,55.0,28.0,1540.0,BVG
,2026-01-26,BANCO PICHINCHA C.A.,ACCIONES,100.0,110.0,19.0,2090.0,BVQ
,2026-01-26,CERVECERIA NACIONAL CN S A,ACCIONES,1.0,55.0,50.0,2750.0,BVG
,2026-01-26,BANCO PICHINCHA C.A.,ACCIONES,100.0,111.0,8.0,888.0,BVQ
,2026-01-26,BANCO GUAYAQUIL S.A.,ACCIONES,1.0,2.1,5960.0,12516.0,BVG
,2026-01-26,CORPORACION FAVORITA C.A.,ACCIONES,1.0,1.96,253.0,495.88,BVQ
,2026-01-26,CORPORACION FAVORITA C.A.,ACCIONES,1.0,1.96,500.0,980.0,BVQ
,2026-01-26,CORPORACION FAVORITA C.A.,ACCIONES,1.0,1.96,1157.0,2267.72,BVQ
,2026-01-26,CORPORACION FAVORITA C.A.,ACCIONES,1.0,1.95,517.0,1008.15,BVQ
,2026-01-26,CORPORACION FAVORITA C.A.,ACCIONES,1.0,1.96,229.0,448.84,BVQ
,2026-01-26,BANCO DE LA PRODUCCION S.A . PRODUBANCO,ACCIONES,1.0,1.31,700.0,917.0,BVQ
,2026-01-26,CORPORACION FAVORITA C.A.,ACCIONES,1.0,1.95,883.0,1721.85,BVQ
,2026-01-26,BANCO DE LA PRODUCCION S.A . PRODUBANCO,ACCIONES,1.0,1.25,1942.0,2427.5,BVQ
,2026-01-26,CORPORACION FAVORITA C.A.,ACCIONES,1.0,1.95,4000.0,7800.0,BVQ
,2026-01-26,BANCO DE LA PRODUCCION S.A . PRODUBANCO,ACCIONES,1.0,1.31,343.0,449.33,BVQ
,2026-01-26,INVERSANCARLOS,ACCIONES,1.0,2.95,1300.0,3835.0,BVG
,2026-01-26,BANCO DE LA PRODUCCION S.A . PRODUBANCO,ACCIONES,1.0,1.35,1000.0,1350.0,BVG
,2026-01-26,BANCO BOLIVARIANO C.A.,ACCIONES,1.0,1.66,500.0,830.0,BVQ
,2026-01-27,CORPORACION FAVORITA C.A.,ACCIONES,1.0,1.95,5712.0,11138.4,BVQ
,2026-01-27,BANCO DE LA PRODUCCION S.A . PRODUBANCO,ACCIONES,1.0,1.31,600.0,786.0,BVQ
,2026-01-27,CORPORACION FAVORITA C.A.,ACCIONES,1.0,1.95,5000.0,9750.0,BVQ
,2026-01-27,BANCO DE LA PRODUCCION S.A . PRODUBANCO,ACCIONES,1.0,1.31,2291.0,3001.21,BVQ
,2026-01-27,CORPORACION FAVORITA C.A.,ACCIONES,1.0,1.96,270.0,529.2,BVQ
,2026-01-27,BANCO DE LA PRODUCCION S.A . PRODUBANCO,ACCIONES,1.0,1.31,343.0,449.33,BVQ
,2026-01-27,CORPORACION FAVORITA C.A.,ACCIONES,1.0,1.95,2000.0,3900.0,BVQ
,2026-01-27,BANCO GUAYAQUIL S.A.,ACCIONES,1.0,2.11,10000.0,21100.0,BVG
,2026-01-27,BANCO GUAYAQUIL S.A.,ACCIONES,1.0,2.11,2000.0,4220.0,BVG
,2026-01-27,BANCO GUAYAQUIL S.A.,ACCIONES,1.0,2.15,1400.0,3010.0,BVQ
,2026-01-27,CERVECERIA NACIONAL CN S A,ACCIONES,1.0,55.0,86.0,4730.0,BVQ
,2026-01-27,BANCO PICHINCHA C.A.,ACCIONES,100.0,111.0,19.0,2109.0,BVQ
,2026-01-27,BANCO PICHINCHA C.A.,ACCIONES,100.0,110.0,36.0,3960.0,BVQ
,2026-01-27,BOLSA DE VALORES DE QUITO,ACCIONES,1.0,3.7,250.0,925.0,BVQ
,2026-01-27,BANCO BOLIVARIANO C.A.,ACCIONES,1.0,1.67,269.0,449.23,BVQ
,2026-01-28,BANCO GUAYAQUIL S.A.,ACCIONES,1.0,2.12,1281.0,2715.72,BVQ
,2026-01-28,HOLCIM ECUADOR S.A.,ACCIONES,3.0,45.0,15.0,675.0,BVQ
,2026-01-28,BANCO GUAYAQUIL S.A.,ACCIONES,1.0,2.12,760.0,1611.2,BVG
,2026-01-28,BOLSA DE VALORES DE QUITO,ACCIONES,1.0,3.73,782.0,2916.86,BVQ
,2026-01-28,BEVERAGE BRAND PATENTS SA,ACCIONES,1.0,50.0,72.0,3600.0,BVQ
,2026-01-28,BOLSA DE VALORES DE QUITO,ACCIONES,1.0,3.8,1000.0,3800.0,BVQ
,2026-01-28,BANCO GUAYAQUIL S.A.,ACCIONES,1.0,2.11,740.0,1561.4,BVQ
,2026-01-28,BANCO GUAYAQUIL S.A.,ACCIONES,1.0,2.11,3000.0,6330.0,BVQ
,2026-01-28,BANCO DE LA PRODUCCION S.A . PRODUBANCO,ACCIONES,1.0,1.32,5000.0,6600.0,BVG
,2026-01-28,BANCO GUAYAQUIL S.A.,ACCIONES,1.0,2.12,4118.0,8730.16,BVQ
,2026-01-28,BANCO DE LA PRODUCCION S.A . PRODUBANCO,ACCIONES,1.0,1.31,3200.0,4192.0,BVQ
,2026-01-28,CORPORACION FAVORITA C.A.,ACCIONES,1.0,1.95,15926.0,31055.7,BVQ
,2026-01-28,BANCO DE LA PRODUCCION S.A . PRODUBANCO,ACCIONES,1.0,1.32,3030.0,3999.6,BVQ
,2026-01-28,CORPORACION FAVORITA C.A.,ACCIONES,1.0,1.96,7000.0,13720.0,BVQ
,2026-01-28,BANCO BOLIVARIANO C.A.,ACCIONES,1.0,1.65,645.0,1064.25,BVQ
,2026-01-28,CORPORACION FAVORITA C.A.,ACCIONES,1.0,1.96,6661.0,13055.56,BVQ
,2026-01-28,BANCO DE LA PRODUCCION S.A . PRODUBANCO,ACCIONES,1.0,1.33,338.0,449.54,BVQ
,2026-01-28,CORPORACION FAVORITA C.A.,ACCIONES,1.0,1.96,1600.0,3136.0,BVG
,2026-01-28,CORPORACION FAVORITA C.A.,ACCIONES,1.0,1.95,774.0,1509.3,BVG
,2026-01-28,CORPORACION FAVORITA C.A.,ACCIONES,1.0,1.95,1000.0,1950.0,BVQ
,2026-01-28,CORPORACION FAVORITA C.A.,ACCIONES,1.0,1.95,574.0,1119.3,BVQ
,2026-01-28,CORPORACION FAVORITA C.A.,ACCIONES,1.0,1.96,500.0,980.0,BVQ
,2026-01-28,INVERSANCARLOS,ACCIONES,1.0,2.95,999.0,2947.05,BVQ
,2026-01-29,BANCO DE LA PRODUCCION S.A . PRODUBANCO,ACCIONES,1.0,1.33,225.0,299.25,BVQ
,2026-01-29,CORPORACION FAVORITA C.A.,ACCIONES,1.0,1.96,570.0,1117.2,BVQ
,2026-01-29,BANCO BOLIVARIANO C.A.,ACCIONES,1.0,1.67,277.0,462.59,BVQ
,2026-01-29,CORPORACION FAVORITA C.A.,ACCIONES,1.0,1.96,9000.0,17640.0,BVQ
,2026-01-29,CORPORACION FAVORITA C.A.,ACCIONES,1.0,1.96,4907.0,9617.72,BVQ
,2026-01-29,CORPORACION FAVORITA C.A.,ACCIONES,1.0,1.96,6878.0,13480.88,BVQ
,2026-01-29,CORPORACION FAVORITA C.A.,ACCIONES,1.0,1.96,826.0,1618.96,BVQ
,2026-01-29,HOLCIM ECUADOR S.A.,ACCIONES,3.0,45.0,15.0,675.0,BVQ
,2026-01-29,CORPORACION FAVORITA C.A.,ACCIONES,1.0,1.96,7000.0,13720.0,BVQ
,2026-01-29,BANCO DEL AUSTRO,ACCIONES,1.0,0.5,10000.0,5000.0,BVQ
,2026-01-29,CORPORACION FAVORITA C.A.,ACCIONES,1.0,1.96,5300.0,10388.0,BVQ
,2026-01-29,CORPORACION FAVORITA C.A.,ACCIONES,1.0,1.96,1713.0,3357.48,BVG
,2026-01-29,BANCO GUAYAQUIL S.A.,ACCIONES,1.0,2.12,10455.0,22164.6,BVG
,2026-01-29,BANCO GUAYAQUIL S.A.,ACCIONES,1.0,2.15,14577.0,31340.55,BVQ
,2026-01-29,CERVECERIA NACIONAL CN S A,ACCIONES,1.0,55.0,27.0,1485.0,BVG
,2026-01-30,HOLCIM ECUADOR S.A.,ACCIONES,3.0,45.0,5.0,225.0,BVQ
,2026-01-30,CORPORACION FAVORITA C.A.,ACCIONES,1.0,1.96,380.0,744.8,BVQ
,2026-01-30,BOLSA DE VALORES DE QUITO,ACCIONES,1.0,3.75,2263.0,8486.25,BVQ
,2026-01-30,CORPORACION FAVORITA C.A.,ACCIONES,1.0,1.96,4998.0,9796.08,BVQ
,2026-01-30,BOLSA DE VALORES DE QUITO,ACCIONES,1.0,3.8,1500.0,5700.0,BVQ
,2026-01-30,BEVERAGE BRAND PATENTS SA,ACCIONES,1.0,49.0,52.0,2548.0,BVQ
,2026-01-30,BOLSA DE VALORES DE QUITO,ACCIONES,1.0,3.73,782.0,2916.86,BVQ
,2026-01-30,BOLSA DE VALORES DE QUITO,ACCIONES,1.0,3.68,782.0,2877.76,BVQ
,2026-01-30,BANCO GUAYAQUIL S.A.,ACCIONES,1.0,2.15,12256.0,26350.4,BVQ
,2026-01-30,BOLSA DE VALORES DE QUITO,ACCIONES,1.0,3.75,782.0,2932.5,BVQ
,2026-01-30,INVERSANCARLOS,ACCIONES,1.0,2.95,1765.0,5206.75,BVG
,2026-01-30,BANCO GUAYAQUIL S.A.,ACCIONES,1.0,2.15,2606.0,5602.9,BVQ
,2026-01-30,BANCO BOLIVARIANO C.A.,ACCIONES,1.0,1.67,500.0,835.0,BVQ
,2026-01-30,INVERSANCARLOS,ACCIONES,1.0,2.95,4000.0,11800.0,BVQ
,2026-01-30,BANCO BOLIVARIANO C.A.,ACCIONES,1.0,1.67,500.0,835.0,BVQ
,2026-01-30,INVERSANCARLOS,ACCIONES,1.0,2.95,170.0,501.5,BVQ
,2026-01-30,BANCO BOLIVARIANO C.A.,ACCIONES,1.0,1.65,12000.0,19800.0,BVQ
,2026-01-30,BANCO BOLIVARIANO C.A.,ACCIONES,1.0,1.65,2410.0,3976.5,BVQ
,2026-01-30,BANCO BOLIVARIANO C.A.,ACCIONES,1.0,1.65,5014.0,8273.1,BVQ
,2026-01-30,BANCO BOLIVARIANO C.A.,ACCIONES,1.0,1.65,29883.0,49306.95,BVQ
,2026-01-30,BANCO BOLIVARIANO C.A.,ACCIONES,1.0,1.67,500.0,835.0,BVQ
,2026-01-30,BANCO DE LA PRODUCCION S.A . PRODUBANCO,ACCIONES,1.0,1.31,1815.0,2377.65,BVG
,2026-02-02,BANCO GUAYAQUIL S.A.,ACCIONES,1.0,2.16,11344.0,24503.04,BVQ
,2026-02-02,BANCO GUAYAQUIL S.A.,ACCIONES,1.0,2.16,13656.0,29496.96,BVQ
,2026-02-02,BANCO GUAYAQUIL S.A.,ACCIONES,1.0,2.18,1200.0,2616.0,BVQ
,2026-02-02,BANCO PICHINCHA C.A.,ACCIONES,100.0,111.0,8.0,888.0,BVQ
,2026-02-02,CORPORACION FAVORITA C.A.,ACCIONES,1.0,1.97,355.0,699.35,BVQ
,2026-02-02,BANCO PICHINCHA C.A.,ACCIONES,100.0,111.0,10.0,1110.0,BVQ
,2026-02-02,CERVECERIA NACIONAL CN S A,ACCIONES,1.0,54.0,102.0,5508.0,BVQ
,2026-02-02,BOLSA DE VALORES DE QUITO,ACCIONES,1.0,3.81,200.0,762.0,BVQ
,2026-02-02,CERVECERIA NACIONAL CN S A,ACCIONES,1.0,54.0,50.0,2700.0,BVQ
,2026-02-02,HOLCIM ECUADOR S.A.,ACCIONES,3.0,45.0,15.0,675.0,BVQ
,2026-02-03,HOLCIM ECUADOR S.A.,ACCIONES,3.0,45.0,15.0,675.0,BVQ
,2026-02-03,CORPORACION FAVORITA C.A.,ACCIONES,1.0,1.98,227.0,449.46,BVQ
,2026-02-03,HOLCIM ECUADOR S.A.,ACCIONES,3.0,45.0,10.0,450.0,BVQ
,2026-02-03,CORPORACION FAVORITA C.A.,ACCIONES,1.0,1.98,225.0,445.5,BVQ
,2026-02-03,BANCO DEL AUSTRO,ACCIONES,1.0,0.5,2500.0,1250.0,BVG
,2026-02-03,CORPORACION FAVORITA C.A.,ACCIONES,1.0,1.97,248.0,488.56,BVQ
,2026-02-03,BANCO DEL AUSTRO,ACCIONES,1.0,0.48,3246.0,1558.08,BVG
,2026-02-03,CORPORACION FAVORITA C.A.,ACCIONES,1.0,1.97,1213.0,2389.61,BVQ
,2026-02-03,BOLSA DE VALORES DE QUITO,ACCIONES,1.0,3.81,125.0,476.25,BVQ
,2026-02-03,CORPORACION FAVORITA C.A.,ACCIONES,1.0,1.97,800.0,1576.0,BVQ
,2026-02-03,BOLSA DE VALORES DE QUITO,ACCIONES,1.0,3.81,200.0,762.0,BVQ
,2026-02-03,CORPORACION FAVORITA C.A.,ACCIONES,1.0,2.0,11465.0,22930.0,BVQ
,2026-02-03,BOLSA DE VALORES DE QUITO,ACCIONES,1.0,3.81,200.0,762.0,BVQ
,2026-02-03,BANCO GUAYAQUIL S.A.,ACCIONES,1.0,2.18,2051.0,4471.18,BVQ
,2026-02-03,BOLSA DE VALORES DE QUITO,ACCIONES,1.0,3.81,200.0,762.0,BVQ
,2026-02-03,CORPORACION FAVORITA C.A.,ACCIONES,1.0,1.99,2978.0,5926.22,BVG
,2026-02-03,BOLSA DE VALORES DE QUITO,ACCIONES,1.0,3.81,131.0,499.11,BVG
,2026-02-03,CORPORACION FAVORITA C.A.,ACCIONES,1.0,2.0,5000.0,10000.0,BVG
,2026-02-03,BANCO PICHINCHA C.A.,ACCIONES,100.0,115.0,135.0,15525.0,BVQ
,2026-02-03,BANCO PICHINCHA C.A.,ACCIONES,100.0,112.0,15.0,1680.0,BVQ
,2026-02-03,BANCO PICHINCHA C.A.,ACCIONES,100.0,115.0,90.0,10350.0,BVQ
,2026-02-03,BANCO DE LA PRODUCCION S.A . PRODUBANCO,ACCIONES,1.0,1.3,3601.0,4681.3,BVG
,2026-02-03,BANCO DE LA PRODUCCION S.A . PRODUBANCO,ACCIONES,1.0,1.3,1399.0,1818.7,BVG
,2026-02-03,BANCO DE LA PRODUCCION S.A . PRODUBANCO,ACCIONES,1.0,1.33,168.0,223.44,BVQ
,2026-02-03,BANCO DE LA PRODUCCION S.A . PRODUBANCO,ACCIONES,1.0,1.42,4561.0,6476.62,BVQ
,2026-02-03,BANCO DE LA PRODUCCION S.A . PRODUBANCO,ACCIONES,1.0,1.33,100.0,133.0,BVQ
,2026-02-04,BANCO GUAYAQUIL S.A.,ACCIONES,1.0,2.18,291.0,634.38,BVQ
,2026-02-04,BANCO DE LA PRODUCCION S.A . PRODUBANCO,ACCIONES,1.0,1.33,531.0,706.23,BVQ
,2026-02-04,BANCO GUAYAQUIL S.A.,ACCIONES,1.0,2.26,114.0,257.64,BVQ
,2026-02-04,BANCO DE LA PRODUCCION S.A . PRODUBANCO,ACCIONES,1.0,1.33,1425.0,1895.25,BVQ
,2026-02-04,BANCO GUAYAQUIL S.A.,ACCIONES,1.0,2.18,1835.0,4000.3,BVQ
,2026-02-04,BANCO DE LA PRODUCCION S.A . PRODUBANCO,ACCIONES,1.0,1.4,704.0,985.6,BVQ
,2026-02-04,BANCO GUAYAQUIL S.A.,ACCIONES,1.0,2.18,2406.0,5245.08,BVQ
,2026-02-04,BANCO DE LA PRODUCCION S.A . PRODUBANCO,ACCIONES,1.0,1.31,2500.0,3275.0,BVQ
,2026-02-04,BANCO GUAYAQUIL S.A.,ACCIONES,1.0,2.16,15188.0,32806.08,BVG
,2026-02-04,BANCO BOLIVARIANO C.A.,ACCIONES,1.0,1.67,1090.0,1820.3,BVQ
,2026-02-04,CORPORACION FAVORITA C.A.,ACCIONES,1.0,1.98,477.0,944.46,BVQ
,2026-02-04,BANCO BOLIVARIANO C.A.,ACCIONES,1.0,1.75,380.0,665.0,BVQ
,2026-02-04,CORPORACION FAVORITA C.A.,ACCIONES,1.0,1.99,1206.0,2399.94,BVQ
,2026-02-04,BANCO BOLIVARIANO C.A.,ACCIONES,1.0,1.65,2000.0,3300.0,BVQ
,2026-02-04,CORPORACION FAVORITA C.A.,ACCIONES,1.0,1.97,2715.0,5348.55,BVQ
,2026-02-04,BANCO BOLIVARIANO C.A.,ACCIONES,1.0,1.65,30000.0,49500.0,BVQ
,2026-02-04,CORPORACION FAVORITA C.A.,ACCIONES,1.0,1.97,212.0,417.64,BVQ
,2026-02-04,BANCO PICHINCHA C.A.,ACCIONES,100.0,115.0,20.0,2300.0,BVQ
,2026-02-04,BANCO PICHINCHA C.A.,ACCIONES,100.0,115.0,8.0,920.0,BVQ
,2026-02-04,BOLSA DE VALORES DE QUITO,ACCIONES,1.0,3.8,15.0,57.0,BVQ
,2026-02-04,BOLSA DE VALORES DE QUITO,ACCIONES,1.0,3.83,15.0,57.45,BVQ
,2026-02-04,BOLSA DE VALORES DE QUITO,ACCIONES,1.0,3.81,475.0,1809.75,BVQ
,2026-02-05,BOLSA DE VALORES DE QUITO,ACCIONES,1.0,3.83,82.0,314.06,BVQ
,2026-02-05,CORPORACION FAVORITA C.A.,ACCIONES,1.0,1.99,489.0,973.11,BVQ
,2026-02-05,BOLSA DE VALORES DE QUITO,ACCIONES,1.0,3.83,198.0,758.34,BVQ
,2026-02-05,CORPORACION FAVORITA C.A.,ACCIONES,1.0,1.97,73.0,143.81,BVQ
,2026-02-05,HOLCIM ECUADOR S.A.,ACCIONES,3.0,45.0,9.0,405.0,BVQ
,2026-02-05,CORPORACION FAVORITA C.A.,ACCIONES,1.0,1.96,827.0,1620.92,BVQ
,2026-02-05,HOLCIM ECUADOR S.A.,ACCIONES,3.0,45.0,10.0,450.0,BVQ
,2026-02-05,CORPORACION FAVORITA C.A.,ACCIONES,1.0,1.96,575.0,1127.0,BVQ
,2026-02-05,BOLSA DE VALORES DE QUITO,ACCIONES,1.0,3.81,728.0,2773.68,BVQ
,2026-02-05,BANCO GUAYAQUIL S.A.,ACCIONES,1.0,2.18,490.0,1068.2,BVG
,2026-02-05,BOLSA DE VALORES DE QUITO,ACCIONES,1.0,3.81,616.0,2346.96,BVQ
,2026-02-05,BANCO GUAYAQUIL S.A.,ACCIONES,1.0,2.18,1000.0,2180.0,BVQ
,2026-02-05,BANCO PICHINCHA C.A.,ACCIONES,100.0,115.0,238.0,27370.0,BVQ
,2026-02-05,BANCO GUAYAQUIL S.A.,ACCIONES,1.0,2.2,850.0,1870.0,BVQ
,2026-02-05,BANCO PICHINCHA C.A.,ACCIONES,100.0,115.0,3.0,345.0,BVQ
,2026-02-05,BANCO GUAYAQUIL S.A.,ACCIONES,1.0,2.2,580.0,1276.0,BVQ
,2026-02-05,BANCO PICHINCHA C.A.,ACCIONES,100.0,115.0,10.0,1150.0,BVQ
,2026-02-05,BANCO GUAYAQUIL S.A.,ACCIONES,1.0,2.16,2000.0,4320.0,BVQ
,2026-02-05,BANCO PICHINCHA C.A.,ACCIONES,100.0,115.0,105.0,12075.0,BVQ
,2026-02-05,BANCO DE LA PRODUCCION S.A . PRODUBANCO,ACCIONES,1.0,1.35,390.0,526.5,BVQ
,2026-02-05,BANCO DE LA PRODUCCION S.A . PRODUBANCO,ACCIONES,1.0,1.4,668.0,935.2,BVQ
,2026-02-06,BANCO GUAYAQUIL S.A.,ACCIONES,1.0,2.2,1820.0,4004.0,BVQ
,2026-02-06,BANCO BOLIVARIANO C.A.,ACCIONES,1.0,1.65,7193.0,11868.45,BVQ
,2026-02-06,BANCO GUAYAQUIL S.A.,ACCIONES,1.0,2.18,6103.0,13304.54,BVQ
,2026-02-06,BANCO BOLIVARIANO C.A.,ACCIONES,1.0,1.67,297.0,495.99,BVQ
,2026-02-06,BANCO GUAYAQUIL S.A.,ACCIONES,1.0,2.18,397.0,865.46,BVQ
,2026-02-06,BANCO DE LA PRODUCCION S.A . PRODUBANCO,ACCIONES,1.0,1.33,374.0,497.42,BVQ
,2026-02-06,BANCO GUAYAQUIL S.A.,ACCIONES,1.0,2.2,101.0,222.2,BVQ
,2026-02-06,BANCO GUAYAQUIL S.A.,ACCIONES,1.0,2.2,248.0,545.6,BVQ
,2026-02-06,BANCO GUAYAQUIL S.A.,ACCIONES,1.0,2.18,300.0,654.0,BVQ
,2026-02-06,BANCO GUAYAQUIL S.A.,ACCIONES,1.0,2.17,910.0,1974.7,BVG
,2026-02-06,BANCO GUAYAQUIL S.A.,ACCIONES,1.0,2.2,2765.0,6083.0,BVG
,2026-02-06,BANCO GUAYAQUIL S.A.,ACCIONES,1.0,2.2,13600.0,29920.0,BVG
,2026-02-06,BANCO GUAYAQUIL S.A.,ACCIONES,1.0,2.2,4496.0,9891.2,BVQ
,2026-02-06,CORPORACION FAVORITA C.A.,ACCIONES,1.0,1.95,16000.0,31200.0,BVQ
,2026-02-06,CORPORACION FAVORITA C.A.,ACCIONES,1.0,1.97,1500.0,2955.0,BVQ
,2026-02-06,CORPORACION FAVORITA C.A.,ACCIONES,1.0,1.96,780.0,1528.8,BVG
,2026-02-06,CORPORACION FAVORITA C.A.,ACCIONES,1.0,1.96,26034.0,51026.64,BVQ
,2026-02-06,CORPORACION FAVORITA C.A.,ACCIONES,1.0,1.96,5031.0,9860.76,BVQ
,2026-02-06,CORPORACION FAVORITA C.A.,ACCIONES,1.0,1.99,100.0,199.0,BVQ
,2026-02-06,CORPORACION FAVORITA C.A.,ACCIONES,1.0,1.95,7582.0,14784.9,BVQ
,2026-02-06,CORPORACION FAVORITA C.A.,ACCIONES,1.0,1.96,1500.0,2940.0,BVQ
,2026-02-06,CORPORACION FAVORITA C.A.,ACCIONES,1.0,1.96,476.0,932.96,BVQ
,2026-02-06,CORPORACION FAVORITA C.A.,ACCIONES,1.0,1.96,300.0,588.0,BVQ
,2026-02-06,CORPORACION FAVORITA C.A.,ACCIONES,1.0,1.96,500.0,980.0,BVQ
,2026-02-06,CORPORACION FAVORITA C.A.,ACCIONES,1.0,1.96,3600.0,7056.0,BVQ
,2026-02-06,CORPORACION FAVORITA C.A.,ACCIONES,1.0,1.96,10000.0,19600.0,BVQ
,2026-02-06,CORPORACION FAVORITA C.A.,ACCIONES,1.0,1.96,3600.0,7056.0,BVQ
,2026-02-06,CORPORACION FAVORITA C.A.,ACCIONES,1.0,1.96,771.0,1511.16,BVQ
,2026-02-06,BANCO PICHINCHA C.A.,ACCIONES,100.0,115.0,9.0,1035.0,BVQ
,2026-02-06,CERVECERIA NACIONAL CN S A,ACCIONES,1.0,54.0,50.0,2700.0,BVQ
,2026-02-06,BOLSA DE VALORES DE QUITO,ACCIONES,1.0,3.83,200.0,766.0,BVQ
,2026-02-06,BANCO DEL AUSTRO,ACCIONES,1.0,0.5,5720.0,2860.0,BVQ
,2026-02-09,CORPORACION FAVORITA C.A.,ACCIONES,1.0,2.0,235.0,470.0,BVQ
,2026-02-09,BANCO DEL AUSTRO,ACCIONES,1.0,0.5,5000.0,2500.0,BVQ
,2026-02-09,CORPORACION FAVORITA C.A.,ACCIONES,1.0,2.0,235.0,470.0,BVQ
,2026-02-09,HOLCIM ECUADOR S.A.,ACCIONES,3.0,44.99,14.0,629.86,BVQ
,2026-02-09,CORPORACION FAVORITA C.A.,ACCIONES,1.0,1.98,227.0,449.46,BVQ
,2026-02-09,HOLCIM ECUADOR S.A.,ACCIONES,3.0,40.0,600.0,24000.0,BVQ
,2026-02-09,BANCO GUAYAQUIL S.A.,ACCIONES,1.0,2.2,21126.0,46477.2,BVG
,2026-02-09,HOLCIM ECUADOR S.A.,ACCIONES,3.0,40.0,400.0,16000.0,BVQ
,2026-02-09,BANCO GUAYAQUIL S.A.,ACCIONES,1.0,2.2,500.0,1100.0,BVQ
,2026-02-09,BOLSA DE VALORES DE QUITO,ACCIONES,1.0,3.83,117.0,448.11,BVQ
,2026-02-09,BANCO GUAYAQUIL S.A.,ACCIONES,1.0,2.2,500.0,1100.0,BVQ
,2026-02-09,BOLSA DE VALORES DE QUITO,ACCIONES,1.0,3.83,117.0,448.11,BVQ
,2026-02-09,BANCO GUAYAQUIL S.A.,ACCIONES,1.0,2.2,430.0,946.0,BVQ
,2026-02-09,BOLSA DE VALORES DE QUITO,ACCIONES,1.0,3.83,83.0,317.89,BVQ
,2026-02-09,BANCO GUAYAQUIL S.A.,ACCIONES,1.0,2.23,500.0,1115.0,BVQ
,2026-02-09,BANCO PICHINCHA C.A.,ACCIONES,100.0,115.0,4.0,460.0,BVQ
,2026-02-09,BANCO GUAYAQUIL S.A.,ACCIONES,1.0,2.21,500.0,1105.0,BVQ
,2026-02-09,BANCO GUAYAQUIL S.A.,ACCIONES,1.0,2.25,500.0,1125.0,BVQ
,2026-02-09,INVERSANCARLOS,ACCIONES,1.0,2.9,13018.0,37752.2,BVG
,2026-02-09,BANCO DE LA PRODUCCION S.A . PRODUBANCO,ACCIONES,1.0,1.33,100.0,133.0,BVQ
,2026-02-09,BANCO DE LA PRODUCCION S.A . PRODUBANCO,ACCIONES,1.0,1.34,3664.0,4909.76,BVQ
,2026-02-09,BANCO DE LA PRODUCCION S.A . PRODUBANCO,ACCIONES,1.0,1.32,6336.0,8363.52,BVQ
,2026-02-09,BANCO DE LA PRODUCCION S.A . PRODUBANCO,ACCIONES,1.0,1.32,3485.0,4600.2,BVG
,2026-02-10,BANCO GUAYAQUIL S.A.,ACCIONES,1.0,2.16,212.0,457.92,BVQ
,2026-02-10,BRIKAPITAL SA,ACCIONES,1000.0,550.0,2.0,1100.0,BVG
,2026-02-10,BANCO GUAYAQUIL S.A.,ACCIONES,1.0,2.2,1349.0,2967.8,BVQ
,2026-02-10,BANCO DE LA PRODUCCION S.A . PRODUBANCO,ACCIONES,1.0,1.31,1039.0,1361.09,BVQ
,2026-02-10,BANCO GUAYAQUIL S.A.,ACCIONES,1.0,2.35,1000.0,2350.0,BVQ
,2026-02-10,BANCO GUAYAQUIL S.A.,ACCIONES,1.0,2.35,200.0,470.0,BVQ
,2026-02-10,BANCO GUAYAQUIL S.A.,ACCIONES,1.0,2.35,200.0,470.0,BVQ
,2026-02-10,BANCO GUAYAQUIL S.A.,ACCIONES,1.0,2.35,194.0,455.9,BVQ
,2026-02-10,BANCO PICHINCHA C.A.,ACCIONES,100.0,115.0,2.0,230.0,BVQ
,2026-02-10,BANCO GUAYAQUIL S.A.,ACCIONES,1.0,2.2,3157.0,6945.4,BVQ
,2026-02-10,BOLSA DE VALORES DE QUITO,ACCIONES,1.0,3.83,3896.0,14921.68,BVQ
,2026-02-10,BANCO GUAYAQUIL S.A.,ACCIONES,1.0,2.3,149.0,342.7,BVQ
,2026-02-10,BOLSA DE VALORES DE QUITO,ACCIONES,1.0,3.7,1200.0,4440.0,BVQ
,2026-02-10,BANCO GUAYAQUIL S.A.,ACCIONES,1.0,2.2,10455.0,23001.0,BVG
,2026-02-10,BOLSA DE VALORES DE QUITO,ACCIONES,1.0,3.7,2011.0,7440.7,BVQ
,2026-02-10,BANCO GUAYAQUIL S.A.,ACCIONES,1.0,2.2,8974.0,19742.8,BVG
,2026-02-10,BOLSA DE VALORES DE QUITO,ACCIONES,1.0,3.7,5000.0,18500.0,BVQ
,2026-02-10,BANCO GUAYAQUIL S.A.,ACCIONES,1.0,2.21,3157.0,6976.97,BVG
,2026-02-10,BOLSA DE VALORES DE QUITO,ACCIONES,1.0,3.72,782.0,2909.04,BVQ
,2026-02-10,BANCO GUAYAQUIL S.A.,ACCIONES,1.0,2.2,2165.0,4763.0,BVQ
,2026-02-10,BOLSA DE VALORES DE QUITO,ACCIONES,1.0,3.7,1200.0,4440.0,BVQ
,2026-02-10,BEVERAGE BRAND PATENTS SA,ACCIONES,1.0,48.0,40.0,1920.0,BVQ
,2026-02-10,BANCO DEL AUSTRO,ACCIONES,1.0,0.5,30000.0,15000.0,BVQ
,2026-02-10,BEVERAGE BRAND PATENTS SA,ACCIONES,1.0,49.0,72.0,3528.0,BVQ
,2026-02-10,CORPORACION FAVORITA C.A.,ACCIONES,1.0,1.96,1770.0,3469.2,BVQ
,2026-02-10,CORPORACION FAVORITA C.A.,ACCIONES,1.0,1.97,2648.0,5216.56,BVQ
,2026-02-10,CORPORACION FAVORITA C.A.,ACCIONES,1.0,1.97,4648.0,9156.56,BVQ
,2026-02-10,CORPORACION FAVORITA C.A.,ACCIONES,1.0,1.97,2792.0,5500.24,BVQ
,2026-02-10,CORPORACION FAVORITA C.A.,ACCIONES,1.0,1.97,1550.0,3053.5,BVQ
,2026-02-10,CORPORACION FAVORITA C.A.,ACCIONES,1.0,1.97,300.0,591.0,BVG
,2026-02-10,CORPORACION FAVORITA C.A.,ACCIONES,1.0,1.96,230.0,450.8,BVG
,2026-02-10,CORPORACION FAVORITA C.A.,ACCIONES,1.0,1.97,45.0,88.65,BVG
,2026-02-10,CORPORACION FAVORITA C.A.,ACCIONES,1.0,1.96,4000.0,7840.0,BVQ
,2026-02-10,CORPORACION FAVORITA C.A.,ACCIONES,1.0,1.96,132.0,258.72,BVQ
,2026-02-10,CERVECERIA NACIONAL CN S A,ACCIONES,1.0,55.0,18.0,990.0,BVG
,2026-02-10,CERVECERIA NACIONAL CN S A,ACCIONES,1.0,56.0,17.0,952.0,BVG
,2026-02-11,BOLSA DE VALORES DE QUITO,ACCIONES,1.0,3.7,7000.0,25900.0,BVQ
,2026-02-11,CORPORACION FAVORITA C.A.,ACCIONES,1.0,1.97,531.0,1046.07,BVQ
,2026-02-11,BOLSA DE VALORES DE QUITO,ACCIONES,1.0,3.7,5000.0,18500.0,BVQ
,2026-02-11,CORPORACION FAVORITA C.A.,ACCIONES,1.0,1.97,1500.0,2955.0,BVQ
,2026-02-11,BOLSA DE VALORES DE QUITO,ACCIONES,1.0,3.71,1000.0,3710.0,BVQ
,2026-02-11,CORPORACION FAVORITA C.A.,ACCIONES,1.0,1.97,4000.0,7880.0,BVQ
,2026-02-11,BOLSA DE VALORES DE QUITO,ACCIONES,1.0,3.7,10000.0,37000.0,BVQ
,2026-02-11,CORPORACION FAVORITA C.A.,ACCIONES,1.0,2.0,500.0,1000.0,BVQ
,2026-02-11,BOLSA DE VALORES DE QUITO,ACCIONES,1.0,3.7,10000.0,37000.0,BVQ
,2026-02-11,CORPORACION FAVORITA C.A.,ACCIONES,1.0,1.96,13000.0,25480.0,BVQ
,2026-02-11,BOLSA DE VALORES DE QUITO,ACCIONES,1.0,3.83,500.0,1915.0,BVQ
,2026-02-11,CORPORACION FAVORITA C.A.,ACCIONES,1.0,1.97,200.0,394.0,BVQ
,2026-02-11,BANCO PICHINCHA C.A.,ACCIONES,100.0,115.0,563.0,64745.0,BVQ
,2026-02-11,CORPORACION FAVORITA C.A.,ACCIONES,1.0,1.97,500.0,985.0,BVQ
,2026-02-11,CORPORACION FAVORITA C.A.,ACCIONES,1.0,1.97,1447.0,2850.59,BVQ
,2026-02-11,CORPORACION FAVORITA C.A.,ACCIONES,1.0,1.99,548.0,1090.52,BVQ
,2026-02-11,BANCO GUAYAQUIL S.A.,ACCIONES,1.0,2.25,200.0,450.0,BVQ
,2026-02-11,BANCO GUAYAQUIL S.A.,ACCIONES,1.0,2.25,111.0,249.75,BVQ
,2026-02-11,BANCO DE LA PRODUCCION S.A . PRODUBANCO,ACCIONES,1.0,1.35,3703.0,4999.05,BVQ
,2026-02-11,BANCO GUAYAQUIL S.A.,ACCIONES,1.0,2.25,1000.0,2250.0,BVQ
,2026-02-11,BANCO DE LA PRODUCCION S.A . PRODUBANCO,ACCIONES,1.0,1.37,7217.0,9887.29,BVQ
,2026-02-11,BANCO GUAYAQUIL S.A.,ACCIONES,1.0,2.19,200.0,438.0,BVQ
,2026-02-11,BANCO DE LA PRODUCCION S.A . PRODUBANCO,ACCIONES,1.0,1.39,67.0,93.13,BVQ
,2026-02-11,BANCO GUAYAQUIL S.A.,ACCIONES,1.0,2.18,9000.0,19620.0,BVQ
,2026-02-11,BANCO DE LA PRODUCCION S.A . PRODUBANCO,ACCIONES,1.0,1.4,12783.0,17896.2,BVQ
,2026-02-11,BANCO GUAYAQUIL S.A.,ACCIONES,1.0,2.18,9000.0,19620.0,BVQ
,2026-02-11,BANCO BOLIVARIANO C.A.,ACCIONES,1.0,1.67,269.0,449.23,BVQ
,2026-02-11,BANCO GUAYAQUIL S.A.,ACCIONES,1.0,2.18,3341.0,7283.38,BVG
,2026-02-11,BANCO BOLIVARIANO C.A.,ACCIONES,1.0,1.67,1795.0,2997.65,BVQ
,2026-02-11,BANCO GUAYAQUIL S.A.,ACCIONES,1.0,2.19,10000.0,21900.0,BVG
,2026-02-11,BANCO BOLIVARIANO C.A.,ACCIONES,1.0,1.67,9012.0,15050.04,BVQ
,2026-02-11,INVERSANCARLOS,ACCIONES,1.0,2.96,641.0,1897.36,BVQ
,2026-02-11,BANCO DE LA PRODUCCION S.A . PRODUBANCO,ACCIONES,1.0,1.33,700.0,931.0,BVQ
,2026-02-11,INVERSANCARLOS,ACCIONES,1.0,2.95,6223.0,18357.85,BVQ
,2026-02-12,BANCO DE LA PRODUCCION S.A . PRODUBANCO,ACCIONES,1.0,1.35,5000.0,6750.0,BVQ
,2026-02-12,BANCO GUAYAQUIL S.A.,ACCIONES,1.0,2.2,5995.0,13189.0,BVG
,2026-02-12,BANCO DE LA PRODUCCION S.A . PRODUBANCO,ACCIONES,1.0,1.37,1000.0,1370.0,BVQ
,2026-02-12,BANCO GUAYAQUIL S.A.,ACCIONES,1.0,2.18,5653.0,12323.54,BVG
,2026-02-12,BANCO DE LA PRODUCCION S.A . PRODUBANCO,ACCIONES,1.0,1.4,323.0,452.2,BVQ
,2026-02-12,BANCO GUAYAQUIL S.A.,ACCIONES,1.0,2.19,7530.0,16490.7,BVG
,2026-02-12,BANCO DE LA PRODUCCION S.A . PRODUBANCO,ACCIONES,1.0,1.41,750.0,1057.5,BVG
,2026-02-12,BANCO GUAYAQUIL S.A.,ACCIONES,1.0,2.19,200.0,438.0,BVQ
,2026-02-12,BANCO GUAYAQUIL S.A.,ACCIONES,1.0,2.19,200.0,438.0,BVQ
,2026-02-12,BRIKAPITAL SA,ACCIONES,1000.0,545.14,600.0,327084.0,BVG
,2026-02-12,BANCO GUAYAQUIL S.A.,ACCIONES,1.0,2.19,200.0,438.0,BVQ
,2026-02-12,BANCO GUAYAQUIL S.A.,ACCIONES,1.0,2.24,2000.0,4480.0,BVQ
,2026-02-12,BANCO GUAYAQUIL S.A.,ACCIONES,1.0,2.18,4616.0,10062.88,BVQ
,2026-02-12,BANCO GUAYAQUIL S.A.,ACCIONES,1.0,2.2,200.0,440.0,BVQ
,2026-02-12,BANCO GUAYAQUIL S.A.,ACCIONES,1.0,2.2,200.0,440.0,BVQ
,2026-02-12,BANCO GUAYAQUIL S.A.,ACCIONES,1.0,2.2,200.0,440.0,BVQ
,2026-02-12,BANCO GUAYAQUIL S.A.,ACCIONES,1.0,2.2,179.0,393.8,BVQ
,2026-02-12,CORPORACION FAVORITA C.A.,ACCIONES,1.0,2.0,1952.0,3904.0,BVQ
,2026-02-12,CORPORACION FAVORITA C.A.,ACCIONES,1.0,1.97,1000.0,1970.0,BVQ
,2026-02-12,CORPORACION FAVORITA C.A.,ACCIONES,1.0,1.97,455.0,896.35,BVG
,2026-02-12,CORPORACION FAVORITA C.A.,ACCIONES,1.0,1.97,4545.0,8953.65,BVG
,2026-02-12,CERVECERIA NACIONAL CN S A,ACCIONES,1.0,55.0,50.0,2750.0,BVQ
,2026-02-12,BANCO PICHINCHA C.A.,ACCIONES,100.0,116.0,3.0,348.0,BVQ
,2026-02-12,BANCO PICHINCHA C.A.,ACCIONES,100.0,116.0,2.0,232.0,BVQ
,2026-02-12,BOLSA DE VALORES DE QUITO,ACCIONES,1.0,3.83,174.0,666.42,BVQ
,2026-02-12,BOLSA DE VALORES DE QUITO,ACCIONES,1.0,3.7,20000.0,74000.0,BVQ
,2026-02-12,BOLSA DE VALORES DE QUITO,ACCIONES,1.0,3.75,4000.0,15000.0,BVQ
,2026-02-12,BOLSA DE VALORES DE QUITO,ACCIONES,1.0,3.83,785.0,3006.55,BVQ
,2026-02-12,BOLSA DE VALORES DE QUITO,ACCIONES,1.0,3.75,10000.0,37500.0,BVQ
,2026-02-13,CERVECERIA NACIONAL CN S A,ACCIONES,1.0,54.5,90.0,4905.0,BVQ
,2026-02-13,BANCO DEL AUSTRO,ACCIONES,1.0,0.5,8040.0,4020.0,BVG
,2026-02-13,CERVECERIA NACIONAL CN S A,ACCIONES,1.0,55.0,5.0,275.0,BVG
,2026-02-13,HOLCIM ECUADOR S.A.,ACCIONES,3.0,45.0,50.0,2250.0,BVG
,2026-02-13,CERVECERIA NACIONAL CN S A,ACCIONES,1.0,55.0,5.0,275.0,BVG
,2026-02-13,BOLSA DE VALORES DE QUITO,ACCIONES,1.0,3.75,1500.0,5625.0,BVQ
,2026-02-13,CORPORACION FAVORITA C.A.,ACCIONES,1.0,1.97,1119.0,2204.43,BVQ
,2026-02-13,BOLSA DE VALORES DE QUITO,ACCIONES,1.0,3.75,1500.0,5625.0,BVQ
,2026-02-13,CORPORACION FAVORITA C.A.,ACCIONES,1.0,1.97,3220.0,6343.4,BVQ
,2026-02-13,BOLSA DE VALORES DE QUITO,ACCIONES,1.0,3.83,300.0,1149.0,BVQ
,2026-02-13,BEVERAGE BRAND PATENTS SA,ACCIONES,1.0,50.0,12.0,600.0,BVG
,2026-02-13,BOLSA DE VALORES DE QUITO,ACCIONES,1.0,3.75,7500.0,28125.0,BVQ
,2026-02-13,BANCO PICHINCHA C.A.,ACCIONES,100.0,115.0,7.0,805.0,BVG
,2026-02-13,BANCO PICHINCHA C.A.,ACCIONES,100.0,104.0,769.0,79976.0,BVQ
,2026-02-13,BANCO PICHINCHA C.A.,ACCIONES,100.0,116.0,47.0,5452.0,BVQ
,2026-02-13,BANCO DE LA PRODUCCION S.A . PRODUBANCO,ACCIONES,1.0,1.42,250.0,355.0,BVG
,2026-02-13,BANCO DE LA PRODUCCION S.A . PRODUBANCO,ACCIONES,1.0,1.4,142.0,198.8,BVQ
,2026-02-13,BANCO DE LA PRODUCCION S.A . PRODUBANCO,ACCIONES,1.0,1.32,743.0,980.76,BVQ
,2026-02-13,BANCO BOLIVARIANO C.A.,ACCIONES,1.0,1.67,566.0,945.22,BVQ
,2026-02-18,CORPORACION FAVORITA C.A.,ACCIONES,1.0,1.97,5256.0,10354.32,BVQ
,2026-02-18,BOLSA DE VALORES DE GUAYAQUIL,ACCIONES,1.0,2.52,100.0,252.0,BVQ
,2026-02-18,CORPORACION FAVORITA C.A.,ACCIONES,1.0,1.97,91.0,179.27,BVQ
,2026-02-18,CORPORACION FAVORITA C.A.,ACCIONES,1.0,1.97,1307.0,2574.79,BVG
,2026-02-18,BANCO PICHINCHA C.A.,ACCIONES,100.0,114.4,13.0,1487.2,BVQ
,2026-02-18,BOLSA DE VALORES DE QUITO,ACCIONES,1.0,3.71,19.0,70.49,BVQ
,2026-02-18,BOLSA DE VALORES DE QUITO,ACCIONES,1.0,3.71,11.0,40.81,BVQ
,2026-02-18,BOLSA DE VALORES DE QUITO,ACCIONES,1.0,3.75,45.0,168.75,BVQ
,2026-02-18,BOLSA DE VALORES DE QUITO,ACCIONES,1.0,3.75,307.0,1151.25,BVQ
,2026-02-18,BOLSA DE VALORES DE QUITO,ACCIONES,1.0,3.75,6455.0,24206.25,BVQ
,2026-02-18,BANCO DEL AUSTRO,ACCIONES,1.0,0.5,5061.0,2530.5,BVQ
,2026-02-19,CORPORACION FAVORITA C.A.,ACCIONES,1.0,1.96,2977.0,5834.92,BVG
,2026-02-19,BOLSA DE VALORES DE QUITO,ACCIONES,1.0,3.75,4000.0,15000.0,BVQ
,2026-02-19,CORPORACION FAVORITA C.A.,ACCIONES,1.0,1.98,1700.0,3366.0,BVQ
,2026-02-19,BOLSA DE VALORES DE QUITO,ACCIONES,1.0,3.75,10741.0,40278.75,BVQ
,2026-02-19,CORPORACION FAVORITA C.A.,ACCIONES,1.0,1.98,510.0,1009.8,BVQ
,2026-02-19,BOLSA DE VALORES DE QUITO,ACCIONES,1.0,3.83,50.0,191.5,BVQ
,2026-02-19,CORPORACION FAVORITA C.A.,ACCIONES,1.0,1.98,151.0,298.98,BVQ
,2026-02-19,CORPORACION FAVORITA C.A.,ACCIONES,1.0,1.98,783.0,1550.34,BVQ
,2026-02-19,BANCO DE LA PRODUCCION S.A . PRODUBANCO,ACCIONES,1.0,1.36,20000.0,27200.0,BVG
,2026-02-19,CORPORACION FAVORITA C.A.,ACCIONES,1.0,1.98,220.0,435.6,BVQ
,2026-02-19,CORPORACION FAVORITA C.A.,ACCIONES,1.0,1.96,592.0,1160.32,BVQ
,2026-02-19,CORPORACION FAVORITA C.A.,ACCIONES,1.0,1.97,2511.0,4946.67,BVQ
,2026-02-19,CORPORACION FAVORITA C.A.,ACCIONES,1.0,1.96,3328.0,6522.88,BVQ
,2026-02-19,CORPORACION FAVORITA C.A.,ACCIONES,1.0,1.97,1118.0,2202.46,BVQ
,2026-02-19,CORPORACION FAVORITA C.A.,ACCIONES,1.0,1.97,1752.0,3451.44,BVQ
,2026-02-19,SAN CARLOS SOC. AGR. IND.,ACCIONES,1.0,0.6,5000.0,3000.0,BVQ
,2026-02-19,BEVERAGE BRAND PATENTS SA,ACCIONES,1.0,49.0,204.0,9996.0,BVQ
,2026-02-19,BANCO GUAYAQUIL S.A.,ACCIONES,1.0,2.18,600.0,1308.0,BVG
,2026-02-19,BANCO GUAYAQUIL S.A.,ACCIONES,1.0,2.18,1244.0,2711.92,BVG
,2026-02-19,BANCO GUAYAQUIL S.A.,ACCIONES,1.0,2.19,2470.0,5409.3,BVG
,2026-02-19,BANCO GUAYAQUIL S.A.,ACCIONES,1.0,2.2,2100.0,4620.0,BVG
,2026-02-19,BANCO GUAYAQUIL S.A.,ACCIONES,1.0,2.18,600.0,1308.0,BVQ
,2026-02-20,BANCO BOLIVARIANO C.A.,ACCIONES,1.0,1.65,20000.0,33000.0,BVQ
,2026-02-20,CERVECERIA NACIONAL CN S A,ACCIONES,1.0,53.0,33.0,1749.0,BVQ
,2026-02-20,BANCO BOLIVARIANO C.A.,ACCIONES,1.0,1.7,2500.0,4250.0,BVQ
,2026-02-20,CORPORACION FAVORITA C.A.,ACCIONES,1.0,1.97,50000.0,98500.0,BVQ
,2026-02-20,CORPORACION FAVORITA C.A.,ACCIONES,1.0,1.97,2500.0,4925.0,BVQ
,2026-02-20,CORPORACION FAVORITA C.A.,ACCIONES,1.0,1.97,37208.0,73299.76,BVQ
,2026-02-20,CORPORACION FAVORITA C.A.,ACCIONES,1.0,1.97,12792.0,25200.24,BVQ
,2026-02-20,BANCO PICHINCHA C.A.,ACCIONES,100.0,116.0,5.0,580.0,BVQ
,2026-02-20,CORPORACION FAVORITA C.A.,ACCIONES,1.0,1.97,1000.0,1970.0,BVG
,2026-02-20,CORPORACION FAVORITA C.A.,ACCIONES,1.0,1.97,509.0,1002.73,BVG
,2026-02-20,BANCO DEL AUSTRO,ACCIONES,1.0,0.5,5000.0,2500.0,BVQ
,2026-02-20,CORPORACION FAVORITA C.A.,ACCIONES,1.0,1.97,757.0,1491.29,BVG
,2026-02-20,BANCO BOLIVARIANO C.A.,ACCIONES,1.0,1.67,110.0,183.7,BVQ
,2026-02-20,CORPORACION FAVORITA C.A.,ACCIONES,1.0,2.0,880.0,1760.0,BVG
,2026-02-23,BANCO DEL AUSTRO,ACCIONES,1.0,0.5,10000.0,5000.0,BVQ
,2026-02-23,CORPORACION FAVORITA C.A.,ACCIONES,1.0,2.01,101.0,203.01,BVQ
,2026-02-23,HOLCIM ECUADOR S.A.,ACCIONES,3.0,45.0,10.0,450.0,BVQ
,2026-02-23,CORPORACION FAVORITA C.A.,ACCIONES,1.0,1.98,500.0,990.0,BVQ
,2026-02-23,CORPORACION FAVORITA C.A.,ACCIONES,1.0,1.97,23634.0,46558.98,BVQ
,2026-02-23,CORPORACION FAVORITA C.A.,ACCIONES,1.0,1.97,4095.0,8067.15,BVQ
,2026-02-23,CORPORACION FAVORITA C.A.,ACCIONES,1.0,2.0,1050.0,2100.0,BVQ
,2026-02-23,CORPORACION FAVORITA C.A.,ACCIONES,1.0,1.99,4925.0,9800.75,BVQ
,2026-02-23,BRIKAPITAL SA,ACCIONES,1000.0,500.0,600.0,300000.0,BVG
,2026-02-23,BANCO DE LA PRODUCCION S.A . PRODUBANCO,ACCIONES,1.0,1.42,1725.0,2449.5,BVQ
,2026-02-23,INVERSANCARLOS,ACCIONES,1.0,2.95,836.0,2466.2,BVQ
,2026-02-23,BANCO DE LA PRODUCCION S.A . PRODUBANCO,ACCIONES,1.0,1.4,107.0,149.8,BVQ
,2026-02-23,INVERSANCARLOS,ACCIONES,1.0,2.95,1700.0,5015.0,BVG
,2026-02-23,BANCO DE LA PRODUCCION S.A . PRODUBANCO,ACCIONES,1.0,1.4,217.0,303.8,BVQ
,2026-02-23,CORPORACION FAVORITA C.A.,ACCIONES,1.0,1.98,198.0,392.04,BVQ
,2026-02-23,BANCO DE LA PRODUCCION S.A . PRODUBANCO,ACCIONES,1.0,1.4,675.0,945.0,BVQ
,2026-02-23,CORPORACION FAVORITA C.A.,ACCIONES,1.0,1.99,102.0,202.98,BVG
,2026-02-23,BANCO DE LA PRODUCCION S.A . PRODUBANCO,ACCIONES,1.0,1.4,2500.0,3500.0,BVQ
,2026-02-23,BANCO DE LA PRODUCCION S.A . PRODUBANCO,ACCIONES,1.0,1.4,7825.0,10955.0,BVQ
,2026-02-23,BANCO DE LA PRODUCCION S.A . PRODUBANCO,ACCIONES,1.0,1.4,25000.0,35000.0,BVG
,2026-02-24,INVERSANCARLOS,ACCIONES,1.0,2.95,111.0,327.45,BVG
,2026-02-24,BANCO DE LA PRODUCCION S.A . PRODUBANCO,ACCIONES,1.0,1.4,2500.0,3500.0,BVG
,2026-02-24,CORPORACION FAVORITA C.A.,ACCIONES,1.0,1.97,24025.0,47329.25,BVQ
,2026-02-24,BANCO DE LA PRODUCCION S.A . PRODUBANCO,ACCIONES,1.0,1.4,2500.0,3500.0,BVG
,2026-02-24,CORPORACION FAVORITA C.A.,ACCIONES,1.0,1.98,800.0,1584.0,BVQ
,2026-02-24,BANCO DE LA PRODUCCION S.A . PRODUBANCO,ACCIONES,1.0,1.38,10145.0,14000.1,BVG
,2026-02-24,CORPORACION FAVORITA C.A.,ACCIONES,1.0,1.96,176.0,344.96,BVQ
,2026-02-24,INVERSANCARLOS,ACCIONES,1.0,2.95,850.0,2507.5,BVQ
,2026-02-24,BANCO DE LA PRODUCCION S.A . PRODUBANCO,ACCIONES,1.0,1.4,704.0,985.6,BVQ
,2026-02-24,INVERSANCARLOS,ACCIONES,1.0,2.94,1700.0,4998.0,BVG
,2026-02-24,BANCO DE LA PRODUCCION S.A . PRODUBANCO,ACCIONES,1.0,1.35,570.0,769.5,BVQ
,2026-02-24,INVERSANCARLOS,ACCIONES,1.0,2.94,1700.0,4998.0,BVG
,2026-02-24,BANCO GUAYAQUIL S.A.,ACCIONES,1.0,2.2,6000.0,13200.0,BVG
,2026-02-24,BANCO GUAYAQUIL S.A.,ACCIONES,1.0,2.2,3000.0,6600.0,BVQ
,2026-02-24,BANCO GUAYAQUIL S.A.,ACCIONES,1.0,2.21,150.0,331.5,BVQ
,2026-02-24,BANCO GUAYAQUIL S.A.,ACCIONES,1.0,2.21,83.0,183.43,BVQ
,2026-02-24,BANCO GUAYAQUIL S.A.,ACCIONES,1.0,2.2,1000.0,2200.0,BVG
,2026-02-24,BANCO DEL AUSTRO,ACCIONES,1.0,0.5,9891.0,4945.5,BVQ
,2026-02-24,CORPORACION FAVORITA C.A.,ACCIONES,1.0,1.97,7586.0,14944.42,BVQ
,2026-02-24,BANCO DEL AUSTRO,ACCIONES,1.0,0.5,6502.0,3251.0,BVQ
,2026-02-24,CERVECERIA NACIONAL CN S A,ACCIONES,1.0,54.0,373.0,20142.0,BVQ
,2026-02-24,BANCO PICHINCHA C.A.,ACCIONES,100.0,117.0,33.0,3861.0,BVQ
,2026-02-25,BANCO PICHINCHA C.A.,ACCIONES,100.0,117.0,100.0,11700.0,BVQ
,2026-02-25,BANCO BOLIVARIANO C.A.,ACCIONES,1.0,1.67,5625.0,9393.75,BVQ
,2026-02-25,BANCO GUAYAQUIL S.A.,ACCIONES,1.0,2.25,1500.0,3375.0,BVQ
,2026-02-25,BANCO GUAYAQUIL S.A.,ACCIONES,1.0,2.25,1500.0,3375.0,BVQ
,2026-02-25,BEVERAGE BRAND PATENTS SA,ACCIONES,1.0,50.0,10.0,500.0,BVG
,2026-02-25,BANCO DE LA PRODUCCION S.A . PRODUBANCO,ACCIONES,1.0,1.4,321.0,449.4,BVQ
,2026-02-25,BEVERAGE BRAND PATENTS SA,ACCIONES,1.0,50.0,49.0,2450.0,BVG
,2026-02-25,BANCO DE LA PRODUCCION S.A . PRODUBANCO,ACCIONES,1.0,1.4,325.0,455.0,BVQ
,2026-02-25,BEVERAGE BRAND PATENTS SA,ACCIONES,1.0,50.0,1.0,50.0,BVG
,2026-02-25,BANCO DE LA PRODUCCION S.A . PRODUBANCO,ACCIONES,1.0,1.38,7134.0,9844.92,BVQ
,2026-02-25,CORPORACION FAVORITA C.A.,ACCIONES,1.0,1.97,1500.0,2955.0,BVQ
,2026-02-25,BANCO DE LA PRODUCCION S.A . PRODUBANCO,ACCIONES,1.0,1.4,704.0,985.6,BVQ
,2026-02-25,CORPORACION FAVORITA C.A.,ACCIONES,1.0,1.97,111.0,218.67,BVQ
,2026-02-25,BANCO DE LA PRODUCCION S.A . PRODUBANCO,ACCIONES,1.0,1.4,3600.0,5040.0,BVQ
,2026-02-25,CORPORACION FAVORITA C.A.,ACCIONES,1.0,1.97,740.0,1457.8,BVQ
,2026-02-25,BANCO DE LA PRODUCCION S.A . PRODUBANCO,ACCIONES,1.0,1.5,5000.0,7500.0,BVQ
,2026-02-25,CORPORACION FAVORITA C.A.,ACCIONES,1.0,1.97,19493.0,38401.21,BVQ
,2026-02-25,CORPORACION FAVORITA C.A.,ACCIONES,1.0,1.97,8000.0,15760.0,BVQ
,2026-02-25,CORPORACION FAVORITA C.A.,ACCIONES,1.0,1.97,2434.0,4794.98,BVG
,2026-02-26,BANCO DE LA PRODUCCION S.A . PRODUBANCO,ACCIONES,1.0,1.4,675.0,945.0,BVQ
,2026-02-26,CORPORACION FAVORITA C.A.,ACCIONES,1.0,1.97,2842.0,5598.74,BVG
,2026-02-26,BANCO DE LA PRODUCCION S.A . PRODUBANCO,ACCIONES,1.0,1.5,370.0,555.0,BVQ
,2026-02-26,CORPORACION FAVORITA C.A.,ACCIONES,1.0,1.97,428.0,843.16,BVQ
,2026-02-26,BANCO DE LA PRODUCCION S.A . PRODUBANCO,ACCIONES,1.0,1.5,964.0,1446.0,BVQ
,2026-02-26,CORPORACION FAVORITA C.A.,ACCIONES,1.0,1.97,4409.0,8685.73,BVQ
,2026-02-26,BANCO DE LA PRODUCCION S.A . PRODUBANCO,ACCIONES,1.0,1.5,478.0,717.0,BVQ
,2026-02-26,CORPORACION FAVORITA C.A.,ACCIONES,1.0,1.97,14586.0,28734.42,BVQ
,2026-02-26,CORPORACION FAVORITA C.A.,ACCIONES,1.0,1.97,21278.0,41917.66,BVQ
,2026-02-26,CORPORACION FAVORITA C.A.,ACCIONES,1.0,1.97,5135.0,10115.95,BVQ
,2026-02-26,CORPORACION FAVORITA C.A.,ACCIONES,1.0,1.98,995.0,1970.1,BVQ
,2026-02-26,CORPORACION FAVORITA C.A.,ACCIONES,1.0,1.97,3755.0,7397.35,BVQ
,2026-02-26,CORPORACION FAVORITA C.A.,ACCIONES,1.0,1.97,3680.0,7249.6,BVQ
,2026-02-26,INVERSANCARLOS,ACCIONES,1.0,2.94,300.0,882.0,BVG
,2026-02-26,BANCO GUAYAQUIL S.A.,ACCIONES,1.0,2.25,420.0,945.0,BVQ
,2026-02-26,BANCO GUAYAQUIL S.A.,ACCIONES,1.0,2.25,124.0,279.0,BVQ
,2026-02-26,BANCO GUAYAQUIL S.A.,ACCIONES,1.0,2.25,522.0,1174.5,BVQ
,2026-02-26,BANCO GUAYAQUIL S.A.,ACCIONES,1.0,2.21,500.0,1105.0,BVQ
,2026-02-26,BANCO GUAYAQUIL S.A.,ACCIONES,1.0,2.2,8728.0,19201.6,BVG
,2026-02-26,HOLCIM ECUADOR S.A.,ACCIONES,3.0,45.0,10.0,450.0,BVQ
,2026-02-26,BANCO GUAYAQUIL S.A.,ACCIONES,1.0,2.25,500.0,1125.0,BVG
,2026-02-27,BANCO GUAYAQUIL S.A.,ACCIONES,1.0,2.22,1000.0,2220.0,BVG
,2026-02-27,BANCO GUAYAQUIL S.A.,ACCIONES,1.0,2.25,1000.0,2250.0,BVQ
,2026-02-27,BANCO PICHINCHA C.A.,ACCIONES,100.0,117.0,254.0,29718.0,BVQ
,2026-02-27,BANCO GUAYAQUIL S.A.,ACCIONES,1.0,2.22,858.0,1904.76,BVQ
,2026-02-27,BANCO GUAYAQUIL S.A.,ACCIONES,1.0,2.22,1000.0,2220.0,BVQ
,2026-02-27,INVERSANCARLOS,ACCIONES,1.0,2.94,1600.0,4704.0,BVG
,2026-02-27,INVERSANCARLOS,ACCIONES,1.0,2.94,8400.0,24696.0,BVQ
,2026-02-27,CORPORACION FAVORITA C.A.,ACCIONES,1.0,1.97,2647.0,5214.59,BVQ
,2026-02-27,BANCO DE LA PRODUCCION S.A . PRODUBANCO,ACCIONES,1.0,1.4,25000.0,35000.0,BVQ
,2026-02-27,CORPORACION FAVORITA C.A.,ACCIONES,1.0,1.97,900.0,1773.0,BVQ
,2026-02-27,BANCO DE LA PRODUCCION S.A . PRODUBANCO,ACCIONES,1.0,1.4,4430.0,6202.0,BVQ
,2026-02-27,CORPORACION FAVORITA C.A.,ACCIONES,1.0,1.97,33200.0,65404.0,BVQ
,2026-02-27,BANCO DE LA PRODUCCION S.A . PRODUBANCO,ACCIONES,1.0,1.49,26092.0,38877.08,BVQ
,2026-02-27,BANCO DE LA PRODUCCION S.A . PRODUBANCO,ACCIONES,1.0,1.47,5000.0,7350.0,BVQ
,2026-02-27,BANCO DE LA PRODUCCION S.A . PRODUBANCO,ACCIONES,1.0,1.5,16623.0,24934.5,BVQ
,2026-02-27,BANCO DE LA PRODUCCION S.A . PRODUBANCO,ACCIONES,1.0,1.5,9221.0,13831.5,BVQ
,2026-02-27,BANCO DE LA PRODUCCION S.A . PRODUBANCO,ACCIONES,1.0,1.4,300.0,420.0,BVG
